Root,0,1,2,3,4,5,6,7,8,9,10,11,12,13,14,15,16,17,18,19,20,21,22,23,24,25,depth
521369179392581632,521410632953131008,521373142347153409,521369380249432064,521370496928337920,521370224256614400,521370771793670144,521378607231279104,521370530134626307,521373433654157312,521369485144387584,521370061550809088,521369671975858176,521372372927266817,521373960509079552,,,,,,,,,,,,,4
521367917322338304,521368486053150721,521368752135610368,521368241944662017,521368597734912000,521792966776877056,521368183358648321,521368281526321152,521368265768321024,521368316976582657,521368477303861248,521368769621667840,521368281178210304,521368077746069504,521368392280715265,521368203713597440,521368268364582913,521368587894661121,521368140337672192,,,,,,,,,4
522286703848218624,522288012705935360,522288706422448128,522295631801753600,522296320867196929,522291744176898048,522297427492339712,,,,,,,,,,,,,,,,,,,,,2
521375609206083584,521399340095791104,521448397543600128,521375890908143616,521428664567988224,521465534517608448,521419413573353472,521419674089959424,521446676100550656,521375739489579008,521379349229236224,521376925357727744,521383647442923521,,,,,,,,,,,,,,,3
521358118597689344,521361636658278400,521381205464584192,521359905614090240,521359510473277440,,,,,,,,,,,,,,,,,,,,,,,2
521381662551474176,521425207039623168,521410492037091329,521409574658928643,521383201198309376,521382867973464064,521381891967295488,521397253970612224,521382004433371137,521393860942254081,521386948133654528,521396966929207297,521382218443530240,521383531059355648,521396608639172608,521383550864867328,521381759683162113,521509907766718464,521404199058567169,521660531468689408,,,,,,,,5
521346721226711040,521371742942797825,521367905062379521,521356252740608001,521355922724388865,521352186949672960,521353020484096001,521353434881327104,521366172529201153,521351752734769152,521349366037356544,521356894343294976,521364652522225665,521368940669583360,521350130851921921,521366394135670785,521352678283444224,521368022880378882,521366121484918785,521367512551002112,521350466647891968,521349434719076352,521351041154289665,521367394108071936,521352738891132929,521352500604309506,521371539082858496,6
521360486387175424,521468392620834817,521378427681898498,521371350934761472,521360786409943041,521376439099465728,521373767130710016,521468848466591744,521368262010224640,,,,,,,,,,,,,,,,,,,3
521359863884967936,521360035872800768,521361503799103489,521363927671013376,521360522579836928,521363843650691073,521361442050551808,521360483551825920,521361609688903680,521364073917976576,,,,,,,,,,,,,,,,,,5
521595221155774464,521597271709077505,521596335573962752,521605410084888577,521595606889144320,521595784983511040,521603828417044480,521615893517070336,521597399295619072,521596530974019584,521648143478566912,521595922510532609,521714578523455488,521596239495053313,521595827383713792,521673067693871104,,,,,,,,,,,,3
521310417696858112,521327042349260801,521372597855191040,521331645040033794,521330166682116096,521329239451504640,521332279248162816,521328575786778625,521328010633691136,521319270534635522,521332014365294592,521366061477023744,521313155004497920,521366385008840705,521313949351178240,521316235221692416,521313840416714752,521314981418385408,521319584117567488,521368766777917440,521314256911077376,521315563768147969,521330332348723201,521328034352484352,521338002308878337,521331769870942208,521311862118711296,4
521350916872876033,521361696141893632,521355739789795328,521357647904534528,521356337343922176,521360044475318274,521355767098515457,521360371140284416,521351878500560896,521356211472855040,521352363211505664,521361263637843969,521360891003305985,521356429060759554,521359064132235264,521356557641322497,521357339757383680,521356882485989377,521352147955245056,,,,,,,,,8
521359454672269313,521360657623826433,521376391812907008,521361753712902144,521359941224116227,521370705875992576,521360173303361536,521360711281549312,521360543610044416,521360654541025281,521360516678443009,521369576463142912,521360425603317761,521360700934205440,521371789583482881,521359704787021825,521361778744115200,521360729333841920,521368175771144193,521360256186998785,521360467382771714,521360504603017216,521361526822039552,521360458440523776,521359818724892672,,,5
521361857810939905,521438344740618240,521362075114020865,521428732968726528,521433769287630848,521432231819378688,521561038966493185,521364456316862466,521361946990620672,521365024221429761,521367186221584384,521363173770010624,521367005853929472,521433093937180673,,,,,,,,,,,,,,3
529723023591743488,,,,,,,,,,,,,,,,,,,,,,,,,,,1
529742159352975362,529743206171570177,529742735763595265,529756236821319681,,,,,,,,,,,,,,,,,,,,,,,,2
529721745486659584,529724277298585600,529723388286492672,529722153349173248,529722442550616065,,,,,,,,,,,,,,,,,,,,,,,2
529684962778570753,529688262416551936,529691774609276929,529691739557490688,529687696797863937,529700537806364673,,,,,,,,,,,,,,,,,,,,,,3
529674474019651584,529696509894615040,529678110678323201,529710040505389057,529678439289470976,529679477392277504,529684517746126849,529676721457729536,529686660045623297,,,,,,,,,,,,,,,,,,,3
529637014527029248,529700000071421953,529722870449315840,,,,,,,,,,,,,,,,,,,,,,,,,2
529654845838741504,529659122095251456,529658274422198272,529658411731152896,529655904963403776,529655798423900160,529659429298659328,529667122746916864,529660146650480641,529656185612668928,529657737358364672,529655678731034624,529657815586316288,529656148325318656,529656358002778112,,,,,,,,,,,,,9
529733645435949056,,,,,,,,,,,,,,,,,,,,,,,,,,,1
529691396098510848,,,,,,,,,,,,,,,,,,,,,,,,,,,1
529727006427340801,,,,,,,,,,,,,,,,,,,,,,,,,,,1
529698410879025153,,,,,,,,,,,,,,,,,,,,,,,,,,,1
529683211774083073,,,,,,,,,,,,,,,,,,,,,,,,,,,1
529757077200449536,,,,,,,,,,,,,,,,,,,,,,,,,,,1
529830606210093058,529833436023111680,529831625019117568,529834374729302016,529842769788149762,,,,,,,,,,,,,,,,,,,,,,,3
529660101683318785,,,,,,,,,,,,,,,,,,,,,,,,,,,1
529671725865111552,,,,,,,,,,,,,,,,,,,,,,,,,,,1
529578734102523904,529584831257378816,,,,,,,,,,,,,,,,,,,,,,,,,,2
529644676333453312,,,,,,,,,,,,,,,,,,,,,,,,,,,1
529732310099578880,,,,,,,,,,,,,,,,,,,,,,,,,,,1
529726966178787328,529727947994066944,,,,,,,,,,,,,,,,,,,,,,,,,,2
529731453865955328,529744444489494528,,,,,,,,,,,,,,,,,,,,,,,,,,2
529660296080916480,529661510369284096,529661727940431872,529661317087768576,529666750330449920,,,,,,,,,,,,,,,,,,,,,,,3
529706188032999425,,,,,,,,,,,,,,,,,,,,,,,,,,,1
529726244834017280,529728597477838848,,,,,,,,,,,,,,,,,,,,,,,,,,2
529674135098900481,529676970205151233,529681108942999552,529690562115665920,529707565853466624,529677199516135425,529696354944450560,529696962296438786,,,,,,,,,,,,,,,,,,,,3
529726211241803776,529727212887740416,,,,,,,,,,,,,,,,,,,,,,,,,,2
529691396169809921,,,,,,,,,,,,,,,,,,,,,,,,,,,1
529710975730323457,529721147190161408,529714482705338371,529711331889664001,529711715794296833,,,,,,,,,,,,,,,,,,,,,,,3
529728722963034113,529783997958610945,529758787092361216,529729442672017409,,,,,,,,,,,,,,,,,,,,,,,,3
529670566031421440,529680375581523969,529675493390307328,529670803554828289,529791354105131008,529671335279341568,529673413296914432,,,,,,,,,,,,,,,,,,,,,2
529652829536141314,,,,,,,,,,,,,,,,,,,,,,,,,,,1
529680484402749440,,,,,,,,,,,,,,,,,,,,,,,,,,,1
529664593921314816,,,,,,,,,,,,,,,,,,,,,,,,,,,1
529727794826457089,529727987374370816,,,,,,,,,,,,,,,,,,,,,,,,,,2
529645279159779329,,,,,,,,,,,,,,,,,,,,,,,,,,,1
529627707382853632,529637299186057216,529696744343617536,529751304521138177,529686396202934272,529701311462531073,,,,,,,,,,,,,,,,,,,,,,2
529658492391813120,,,,,,,,,,,,,,,,,,,,,,,,,,,1
529679359301648384,,,,,,,,,,,,,,,,,,,,,,,,,,,1
529733015862513664,529738322311401472,,,,,,,,,,,,,,,,,,,,,,,,,,2
529654486974099456,529680858916356096,,,,,,,,,,,,,,,,,,,,,,,,,,2
529773317889064960,,,,,,,,,,,,,,,,,,,,,,,,,,,1
529654321873715200,529698963642138626,529736004237000706,529699233537228801,529720798840651777,529698065180270592,529698685563969537,529698491267026944,529657411603550208,529735262285619201,529681006882979841,529738769919131648,,,,,,,,,,,,,,,,7
529679551631089664,529680010756780032,529680094562750464,,,,,,,,,,,,,,,,,,,,,,,,,2
529771847186124800,529814498857992192,529778382985129985,529772798781054977,529772946907471872,529772353908379648,529776942774353921,529773792029970432,529816658358325249,529816089967198210,529772129257271296,529814313033539584,529779483893460993,529781749849419777,529782894244290560,529817190137339905,,,,,,,,,,,,7
529702456348139520,,,,,,,,,,,,,,,,,,,,,,,,,,,1
529732350402646016,,,,,,,,,,,,,,,,,,,,,,,,,,,1
529778109290012673,529779371603525632,,,,,,,,,,,,,,,,,,,,,,,,,,2
529725532569886720,529725797205291008,,,,,,,,,,,,,,,,,,,,,,,,,,2
529775890767437825,,,,,,,,,,,,,,,,,,,,,,,,,,,1
529729262593773568,529730617643372544,529732700304056320,,,,,,,,,,,,,,,,,,,,,,,,,3
529660746645647360,529696197280546816,,,,,,,,,,,,,,,,,,,,,,,,,,2
529679172650942465,,,,,,,,,,,,,,,,,,,,,,,,,,,1
529735706386898944,529745939570114560,,,,,,,,,,,,,,,,,,,,,,,,,,2
529671638539698178,529672896482779138,529672983200034817,529671942862036992,529672045936644096,,,,,,,,,,,,,,,,,,,,,,,3
529735459069788161,529763598927925249,529736729755136000,529762817608810496,529802093293342720,529816746417729536,529802338072932352,529736366096416768,529760985725542400,529803906726244352,529739554706948097,529815583299473408,,,,,,,,,,,,,,,,5
529735664347406339,,,,,,,,,,,,,,,,,,,,,,,,,,,1
529634428734423042,,,,,,,,,,,,,,,,,,,,,,,,,,,1
529725420162539520,,,,,,,,,,,,,,,,,,,,,,,,,,,1
529652689471569920,,,,,,,,,,,,,,,,,,,,,,,,,,,1
529724755906400256,,,,,,,,,,,,,,,,,,,,,,,,,,,1
529702797349253121,529752941457342466,,,,,,,,,,,,,,,,,,,,,,,,,,2
529738730748534786,529740075895377920,,,,,,,,,,,,,,,,,,,,,,,,,,2
529638205013123073,529646818347728896,529697884900704256,529701563452129281,529638946003644417,529640285132029952,529701767173652480,529638408835325952,,,,,,,,,,,,,,,,,,,,2
529765936199647233,529769590822539264,529769398823710720,529769542751227904,529785606801334275,,,,,,,,,,,,,,,,,,,,,,,3
529657418985525248,,,,,,,,,,,,,,,,,,,,,,,,,,,1
529653029747064832,529656160736251904,529751327174586370,529670625229422593,529697018575585280,529677185171607553,529880720458911745,,,,,,,,,,,,,,,,,,,,,6
529638427462217728,,,,,,,,,,,,,,,,,,,,,,,,,,,1
529734565599121410,530042058485280769,,,,,,,,,,,,,,,,,,,,,,,,,,2
529653880196698112,,,,,,,,,,,,,,,,,,,,,,,,,,,1
529660692832739328,,,,,,,,,,,,,,,,,,,,,,,,,,,1
529637505981624320,,,,,,,,,,,,,,,,,,,,,,,,,,,1
529727813239451649,,,,,,,,,,,,,,,,,,,,,,,,,,,1
529762820108607489,529763099705114624,,,,,,,,,,,,,,,,,,,,,,,,,,2
529696730607271936,529737977317298180,529727659375607809,529727193233252352,529725918101897216,529738422173573120,529709427746959360,529700460354351104,529704271491899392,529734483818606592,529714420583518208,529719301805465600,529710010671325184,529704444578267136,529735760665391104,529698768644739073,529711194631069697,529709071591829504,529705377664073728,529705555380940800,529727622415400960,529735017019506688,,,,,,5
529731513613836288,529747040541347841,529748458706853890,529750950907740160,529746335957016577,529751470456176640,529742735050571776,,,,,,,,,,,,,,,,,,,,,6
529715547538485248,,,,,,,,,,,,,,,,,,,,,,,,,,,1
529726825938030592,,,,,,,,,,,,,,,,,,,,,,,,,,,1
529688713253494785,529690222305759233,529692939510104064,529689182290329601,529692790716768256,529690243696721920,,,,,,,,,,,,,,,,,,,,,,4
529745609969131522,529746385969885184,529746663783809025,,,,,,,,,,,,,,,,,,,,,,,,,3
529572620782825473,529576927460622336,,,,,,,,,,,,,,,,,,,,,,,,,,2
529664974978023425,,,,,,,,,,,,,,,,,,,,,,,,,,,1
529687410611728384,529690572630798338,529687957377413120,529690952563433472,529689606649020418,529689031571808256,,,,,,,,,,,,,,,,,,,,,,2
529669611030331392,529671728763764736,529670750077464576,529677561543278592,529670443306078209,529692064070795264,529697620282064896,529700526972493825,529672296018227201,529674514314321920,529670055492321280,529671077816205312,,,,,,,,,,,,,,,,5
529724985775235072,529733753816760320,,,,,,,,,,,,,,,,,,,,,,,,,,2
529734612998955008,529736828702973952,529735966114971649,529797736371982336,529743381782867970,529734841601097729,529735504338903042,529735132169928704,,,,,,,,,,,,,,,,,,,,2
529695299200360448,,,,,,,,,,,,,,,,,,,,,,,,,,,1
529708410464636929,529708750400405504,,,,,,,,,,,,,,,,,,,,,,,,,,2
529707148537004033,529708314415091712,529714786175840257,529716068869484546,529714580462010369,529730274855518209,529714789866409984,529709192098353153,529726731742347267,529712210931486720,,,,,,,,,,,,,,,,,,5
529654835537518592,,,,,,,,,,,,,,,,,,,,,,,,,,,1
529773194027073537,529775776497795073,529787972472684544,529812897531445248,529784306835533827,,,,,,,,,,,,,,,,,,,,,,,5
529664783599943680,529670768716943360,529667643620720642,529666931830575104,,,,,,,,,,,,,,,,,,,,,,,,3
529735674405326848,,,,,,,,,,,,,,,,,,,,,,,,,,,1
529627706057834496,529628750083014657,529655027707944960,529629449009242112,529661546767855616,529632397386842113,529627938044805120,,,,,,,,,,,,,,,,,,,,,3
529647809243648001,,,,,,,,,,,,,,,,,,,,,,,,,,,1
529742801274429440,,,,,,,,,,,,,,,,,,,,,,,,,,,1
529652940869738496,,,,,,,,,,,,,,,,,,,,,,,,,,,1
529700827557285889,,,,,,,,,,,,,,,,,,,,,,,,,,,1
529716182438653952,,,,,,,,,,,,,,,,,,,,,,,,,,,1
529724254183780355,,,,,,,,,,,,,,,,,,,,,,,,,,,1
529702197916090370,529702334608445441,529702861543067649,529717488288673792,529706389682548736,,,,,,,,,,,,,,,,,,,,,,,2
529655582882791424,,,,,,,,,,,,,,,,,,,,,,,,,,,1
529776116773298176,529786125024387072,529776756182355968,,,,,,,,,,,,,,,,,,,,,,,,,3
529752475541442560,,,,,,,,,,,,,,,,,,,,,,,,,,,1
529689763230797824,529698749011202048,529792684399943680,529726614838710275,529700442679164928,529699501314162688,529704763471171585,529708521311723520,529690402811838464,529849416291975168,,,,,,,,,,,,,,,,,,4
529725862246375424,,,,,,,,,,,,,,,,,,,,,,,,,,,1
529646030472904704,529649582138208256,529661156110393344,529650474488979456,529674320457793536,529659185727033344,529649209390415872,529657486547353602,529664662191611904,529647934401683457,529659506444488705,529647967113052161,529664305390952450,529648738969874432,529649691630514176,529648775258972161,529659634861080576,529647404216107008,529657628759457792,,,,,,,,,2
529723362894176256,,,,,,,,,,,,,,,,,,,,,,,,,,,1
529643568873230337,529724749791113216,529650547872522240,529676678474526720,,,,,,,,,,,,,,,,,,,,,,,,3
529654489356070912,529664377163894784,529736446622851073,529664655753740288,529736311104864257,,,,,,,,,,,,,,,,,,,,,,,5
529446466541326336,529458390020685824,,,,,,,,,,,,,,,,,,,,,,,,,,2
529664525768077314,,,,,,,,,,,,,,,,,,,,,,,,,,,1
529746217098825728,529811458092445696,529753935545118720,529751713662894080,,,,,,,,,,,,,,,,,,,,,,,,3
529723420993683457,529723928202477568,530014695944888322,530011216648089600,529878466825838592,530004425419804672,530016910520614913,530015568897003521,530008355990142977,530010023112769536,530013011185258496,530015858102636544,530012510649602048,530010744960856064,530008746991562752,530016190627057664,,,,,,,,,,,,16
529733937170771969,529742657984397312,529741988644806658,,,,,,,,,,,,,,,,,,,,,,,,,3
529713467184676864,529715169942065152,529714660690644992,529714853955399680,529739950993203201,529736871707152385,,,,,,,,,,,,,,,,,,,,,,4
529735608676413441,529756632235114496,529736835023769600,,,,,,,,,,,,,,,,,,,,,,,,,2
529667041142124544,529771410298654720,529667237058461697,529687011528294400,529670828737445888,529684202187264000,529673237182287874,529681396038893568,,,,,,,,,,,,,,,,,,,,3
529728291545284608,529745974340882432,529728702972964865,529728976886177794,529734544958963714,529743708905021440,529744659103641600,529729009572397057,529728561394237440,529733069918707713,529737841342160899,529745241411432448,529744968060248064,,,,,,,,,,,,,,,4
529648547864399872,529681036935184385,529652866718642176,529691187268317184,529649094781063168,529684212652466178,,,,,,,,,,,,,,,,,,,,,,2
529645026452979712,529646566123270144,529649182232301569,529652508168564736,529648367950127105,529648209593765888,,,,,,,,,,,,,,,,,,,,,,3
529756814175633411,,,,,,,,,,,,,,,,,,,,,,,,,,,1
529720675272249344,,,,,,,,,,,,,,,,,,,,,,,,,,,1
529734972249505795,,,,,,,,,,,,,,,,,,,,,,,,,,,1
529700937053773824,,,,,,,,,,,,,,,,,,,,,,,,,,,1
529722176380076032,529723456242585600,,,,,,,,,,,,,,,,,,,,,,,,,,2
529749273211330562,529752830899683331,529754277242470400,529756187676647425,,,,,,,,,,,,,,,,,,,,,,,,3
529669581506236416,,,,,,,,,,,,,,,,,,,,,,,,,,,1
529830319982407680,,,,,,,,,,,,,,,,,,,,,,,,,,,1
529657139959451648,529657985191383040,,,,,,,,,,,,,,,,,,,,,,,,,,2
529644561770217473,529697362667917312,530038509202313216,529646678689972224,529708491838345216,529644686995369984,529657433866915840,529645143574740992,529645122410254336,529645751992078336,529645608509140992,529645536656502784,529696482207993857,,,,,,,,,,,,,,,2
529649368656134144,529697580939476993,529687842646417409,529653561370894336,529649970555920384,529654901392289793,529649699431923712,529650550351335424,,,,,,,,,,,,,,,,,,,,2
529723807591038977,529724414758510592,,,,,,,,,,,,,,,,,,,,,,,,,,2
529723684454666240,529725257054425088,529727360342712321,529725698404270081,529725245054521344,529724369279660032,529724763254849537,529725320908521472,529727544648810496,529723851442520064,529724855600820225,529724398409097216,529723876008525824,529727321134366723,,,,,,,,,,,,,,3
529828486975066112,530081247226527744,529832343738269696,529944795935158273,530083982269227008,530047305890557952,530087010820952064,,,,,,,,,,,,,,,,,,,,,2
529637341645008896,529640516066242560,,,,,,,,,,,,,,,,,,,,,,,,,,2
529669184670941184,,,,,,,,,,,,,,,,,,,,,,,,,,,1
529723708207030274,529840464250556416,,,,,,,,,,,,,,,,,,,,,,,,,,2
529725387400835072,529734589632479232,529726098310168578,529726076155879424,,,,,,,,,,,,,,,,,,,,,,,,2
529667934697029632,,,,,,,,,,,,,,,,,,,,,,,,,,,1
529722630363181056,,,,,,,,,,,,,,,,,,,,,,,,,,,1
529652269105815553,529658768498642945,529657286101573632,529652526048886784,529665450678816768,529660190040535040,529690247635148801,529655019122221056,,,,,,,,,,,,,,,,,,,,2
529641857513308160,529653200841097216,,,,,,,,,,,,,,,,,,,,,,,,,,2
529705050453835776,,,,,,,,,,,,,,,,,,,,,,,,,,,1
529714770422022146,,,,,,,,,,,,,,,,,,,,,,,,,,,1
529648452511473666,529663618024210432,529681568647098370,529662931961917440,529720104276492289,529701559538835456,529702216530415616,529654742386225152,529653830288683009,529741467737419779,529662450661347330,,,,,,,,,,,,,,,,,6
529743499588276226,,,,,,,,,,,,,,,,,,,,,,,,,,,1
529729911926583296,,,,,,,,,,,,,,,,,,,,,,,,,,,1
529689679411810304,529689790254698496,529690091221180416,529693591132983297,529694204361203713,529695331387461632,,,,,,,,,,,,,,,,,,,,,,5
529731332717678593,,,,,,,,,,,,,,,,,,,,,,,,,,,1
529659390664908801,,,,,,,,,,,,,,,,,,,,,,,,,,,1
529671440829005825,529672023501705216,529676794212126720,529673399766097920,529673008336879616,,,,,,,,,,,,,,,,,,,,,,,3
529627936622931968,529638748246773760,529631077066100736,529635673872285696,529628603454341120,529638097651511296,529628675990622208,529635633195913217,,,,,,,,,,,,,,,,,,,,4
529648202379964416,,,,,,,,,,,,,,,,,,,,,,,,,,,1
529664568772292610,,,,,,,,,,,,,,,,,,,,,,,,,,,1
529621484130828290,,,,,,,,,,,,,,,,,,,,,,,,,,,1
529714629745082369,,,,,,,,,,,,,,,,,,,,,,,,,,,1
529730384989544449,,,,,,,,,,,,,,,,,,,,,,,,,,,1
529692457337118721,,,,,,,,,,,,,,,,,,,,,,,,,,,1
529726656941162496,529727603905945600,529726733331988480,,,,,,,,,,,,,,,,,,,,,,,,,2
529736435780583424,,,,,,,,,,,,,,,,,,,,,,,,,,,1
529654388269535232,529681133232226305,529655239029563392,529657051979735040,,,,,,,,,,,,,,,,,,,,,,,,2
529775258698399746,,,,,,,,,,,,,,,,,,,,,,,,,,,1
529399936434327552,529403716202270720,529453646745182208,529489537605832704,529653541791870976,529489269837291521,529489432223956992,529405109982470144,529403203683885057,529411547177553921,529402532490379264,529424270439374849,529441895458828288,529402501645475841,529404446388678656,529429972721479680,529422750403035136,529411980244041728,,,,,,,,,,5
529726642902810625,529726957848911873,529727983217823745,529745510383775744,529727966599983106,529732354999595010,529729240749842432,529732268613697536,529726817314553856,529731444311343104,,,,,,,,,,,,,,,,,,4
529679889923076096,529699635909373954,529681552658022400,529717780590108672,529681659185352704,529680621355163649,529681498945757184,529696973381984256,529698406277873664,529697785118228480,529698893639217152,529697950226989056,529776484890578944,529683110724907009,529682264725405696,529698532048273408,529699116339970048,529680369491386368,,,,,,,,,,9
529541962639355904,,,,,,,,,,,,,,,,,,,,,,,,,,,1
529712119391199232,529712497964883968,,,,,,,,,,,,,,,,,,,,,,,,,,2
529730550169624579,529758940889108480,529735206769815552,529758116070821890,,,,,,,,,,,,,,,,,,,,,,,,3
529733930199814144,529734712252964865,,,,,,,,,,,,,,,,,,,,,,,,,,2
529676682622664704,529679624532684800,529677406937055232,,,,,,,,,,,,,,,,,,,,,,,,,1
529647261689864192,,,,,,,,,,,,,,,,,,,,,,,,,,,1
529642612618035202,529694380781621248,,,,,,,,,,,,,,,,,,,,,,,,,,2
529630665168281601,,,,,,,,,,,,,,,,,,,,,,,,,,,1
529692613780439040,,,,,,,,,,,,,,,,,,,,,,,,,,,1
529728664137904128,529741278398144515,,,,,,,,,,,,,,,,,,,,,,,,,,2
529651454832037888,529654282841518080,,,,,,,,,,,,,,,,,,,,,,,,,,2
529749285198655488,,,,,,,,,,,,,,,,,,,,,,,,,,,1
529726566646177794,529729779936010240,,,,,,,,,,,,,,,,,,,,,,,,,,2
529716453792956416,529797259362177024,529797166739378177,,,,,,,,,,,,,,,,,,,,,,,,,2
529738310022090752,,,,,,,,,,,,,,,,,,,,,,,,,,,1
529695367680761856,529698240405729281,529695704982491137,529695587390980097,529696619244306432,529697981751373824,529696091638620160,529696892851347458,529701086815592449,,,,,,,,,,,,,,,,,,,4
529655746074779648,529768039361675264,529666126507024384,529656963454742528,529744559509872640,,,,,,,,,,,,,,,,,,,,,,,2
529739770524860418,529741221821177857,529740548048175104,,,,,,,,,,,,,,,,,,,,,,,,,3
529729927835557888,529730527226785792,529730183054782464,529730193657974784,529730847449296896,529730460990341123,529730736371535872,529730202872864768,529730569975103490,529730641819361281,,,,,,,,,,,,,,,,,,6
529723023184498688,529728908695203841,,,,,,,,,,,,,,,,,,,,,,,,,,2
529681320965079041,,,,,,,,,,,,,,,,,,,,,,,,,,,1
529627432996044801,529629302825177088,529652899887206400,529630110702661633,529630887957495808,,,,,,,,,,,,,,,,,,,,,,,3
529746982106324992,529747358507347970,,,,,,,,,,,,,,,,,,,,,,,,,,2
529818929607475201,530012160047722496,529926800441626624,529846517990191104,529844696395558913,529958718277160960,529935232745873409,530551569461575680,529897845726670848,529825331759558656,529828626880294912,530079477532213248,529821491907813376,529820724220145664,,,,,,,,,,,,,,3
529691342168141824,,,,,,,,,,,,,,,,,,,,,,,,,,,1
529664917239250946,,,,,,,,,,,,,,,,,,,,,,,,,,,1
529697032659673088,,,,,,,,,,,,,,,,,,,,,,,,,,,1
529590474005544960,529592515725627392,529604880449945600,529603473227395072,529604311849123840,529604571229065216,529605077557067776,529595161928822784,,,,,,,,,,,,,,,,,,,,7
529628988683976704,529772727595302912,529629067163996160,529638749374668801,529632087729782785,529646764639662080,,,,,,,,,,,,,,,,,,,,,,2
529723761428557824,,,,,,,,,,,,,,,,,,,,,,,,,,,1
529665662856495104,,,,,,,,,,,,,,,,,,,,,,,,,,,1
529695483661664257,529708506111549440,529706272523042816,529724327110139905,529705003758665729,529702311111983104,529703489107423233,529701933301653505,529697936847171585,529724695491674113,529702566104678401,,,,,,,,,,,,,,,,,3
529758256596787200,529758501053415424,529766292660944896,529781977512026113,,,,,,,,,,,,,,,,,,,,,,,,2
529670383629520896,529681265495408640,,,,,,,,,,,,,,,,,,,,,,,,,,2
529729144536723456,,,,,,,,,,,,,,,,,,,,,,,,,,,1
529725730603925505,529758377057214464,529734623115612163,529727893908504578,529731335825686528,529732102049517568,,,,,,,,,,,,,,,,,,,,,,2
529722264615673856,529733151665684481,529734608569769984,529747755112353793,,,,,,,,,,,,,,,,,,,,,,,,2
529723420268068865,529728488300105728,,,,,,,,,,,,,,,,,,,,,,,,,,2
529679905483915264,529698974706728961,,,,,,,,,,,,,,,,,,,,,,,,,,2
529730804688375809,,,,,,,,,,,,,,,,,,,,,,,,,,,1
529701740925698048,529703573417099264,529708077353033728,,,,,,,,,,,,,,,,,,,,,,,,,2
529704637301923840,,,,,,,,,,,,,,,,,,,,,,,,,,,1
529739968470867968,529740822238232577,529744627918991360,529741502323621890,529741574742507520,529827763855704064,529748991849013248,529746860714758145,529743000247992320,529740809672077313,529758516031262720,529745508148203523,,,,,,,,,,,,,,,,2
529763954231607297,529767627145887744,529768958660857856,529764821806624768,529829729801895936,529766986364895232,,,,,,,,,,,,,,,,,,,,,,4
529722357267857408,529726495791804419,529724540545667072,529735839283445760,529734797573505024,,,,,,,,,,,,,,,,,,,,,,,2
529702439164067840,529724599622463488,529729048713646080,529728930925002752,529728533061705728,529736977571389440,529726566264496128,529702955436752896,529707042525954049,,,,,,,,,,,,,,,,,,,7
529736110667468800,,,,,,,,,,,,,,,,,,,,,,,,,,,1
529722288971984897,,,,,,,,,,,,,,,,,,,,,,,,,,,1
529663474079920128,529670087918518272,529667558148820992,,,,,,,,,,,,,,,,,,,,,,,,,2
529740161144602624,,,,,,,,,,,,,,,,,,,,,,,,,,,1
529763844176896000,529772199138177025,529773960259321856,529776432247885824,529767133891538944,529766855242944512,529767688185196545,529770691986325505,529767883249700864,529766374453682176,529767441254350848,529807071605030912,529784961956462593,529798116719874048,529855296437760000,,,,,,,,,,,,,6
529731160025612288,,,,,,,,,,,,,,,,,,,,,,,,,,,1
529738126026358784,529739445021728768,,,,,,,,,,,,,,,,,,,,,,,,,,2
529540733020405760,529590746018754560,529548830287876096,529542083405955072,529550553773506560,529546994520694784,529550101925343233,529657666843721729,529542544573865985,529547352907218944,529660640575897600,529661580649459712,529541029910044672,529658081840746496,529574549340553216,,,,,,,,,,,,,8
529724757366022145,529733583318310913,529732434666192896,529731364938317825,529726668563562496,529729144637390848,529726089883840514,529725894487969792,,,,,,,,,,,,,,,,,,,,3
529727601280307201,529728589231828993,529727883879923714,529728128621748224,,,,,,,,,,,,,,,,,,,,,,,,2
529695308302000128,,,,,,,,,,,,,,,,,,,,,,,,,,,1
529655766509445122,,,,,,,,,,,,,,,,,,,,,,,,,,,1
529694805010685952,529695292304949248,529711850666348545,529735595900567552,529715500667138048,529715227441762304,529711754373521408,529714252060581888,529714083667673089,529699920224485377,529735282808336386,,,,,,,,,,,,,,,,,5
529734113608359936,,,,,,,,,,,,,,,,,,,,,,,,,,,1
529654186791944192,529655597114085376,529680820324560897,529655944066912257,529658952519540736,529654399455727617,529654334456598529,529680436121702400,529664081100562432,529655164828139522,529671977662185473,,,,,,,,,,,,,,,,,3
529720273285566464,529722000076718082,529722465522819072,529722084600320001,529723119913951232,529721379302952961,529722570460123136,529723719552618496,529720506602516480,529722617318899712,529723695989002241,529722739196985345,529722212706971648,529721493962641408,529720542925176832,529721966920753152,529721182468444160,529723588413489152,529734310988103681,529721009172410369,529723713701543938,,,,,,,4
529757088881573889,529763285063987200,529757190966747138,529766704591540225,529759145818603522,529763901546577921,,,,,,,,,,,,,,,,,,,,,,6
529666235710332928,529683062020640768,529682923235323904,,,,,,,,,,,,,,,,,,,,,,,,,3
529761572881985536,,,,,,,,,,,,,,,,,,,,,,,,,,,1
529695075560071168,529697965049671680,529696532338339840,,,,,,,,,,,,,,,,,,,,,,,,,2
529590949136326656,529591649618247680,,,,,,,,,,,,,,,,,,,,,,,,,,2
529755373721632768,,,,,,,,,,,,,,,,,,,,,,,,,,,1
576320540983582720,576322836672995328,,,,,,,,,,,,,,,,,,,,,,,,,,2
576323086888361984,576327374628917248,576435146632605696,576348301940932608,576323996028952576,576851044715642881,576324320735178752,,,,,,,,,,,,,,,,,,,,,2
576824525339402240,,,,,,,,,,,,,,,,,,,,,,,,,,,1
576836412051304448,,,,,,,,,,,,,,,,,,,,,,,,,,,1
576389113319944193,576395845114982401,,,,,,,,,,,,,,,,,,,,,,,,,,2
576832918343032832,576841680202166274,,,,,,,,,,,,,,,,,,,,,,,,,,2
576382568586706944,576383864085483520,576400865201774594,576384220114849792,576384363065020416,576390810742202368,576383257777954816,576387351297048576,576383052043173888,,,,,,,,,,,,,,,,,,,4
576409244968361985,576410910245285888,576418126423859200,576411633632739328,,,,,,,,,,,,,,,,,,,,,,,,2
576860819322880000,,,,,,,,,,,,,,,,,,,,,,,,,,,1
576530268351246337,,,,,,,,,,,,,,,,,,,,,,,,,,,1
576326555246415872,577116829459578880,576327216243564544,576439877841121280,576327082436927488,,,,,,,,,,,,,,,,,,,,,,,3
576796432730071040,576801654118428672,576800961647284224,576801403684937728,576802223864324096,576797334530580480,576798270518894592,576800982471962624,576799571210330112,576801998739230720,576798090155450368,576800085947871232,576809948425940992,576807061830287360,576809682947448832,,,,,,,,,,,,,8
576548875072335872,,,,,,,,,,,,,,,,,,,,,,,,,,,1
576344611519614976,576425549242892288,576345238857449472,576348470891683842,576410626253275136,576457070129606656,576357631117434881,576457233547956224,576355637229154304,576347407836909569,,,,,,,,,,,,,,,,,,4
576344015458570240,,,,,,,,,,,,,,,,,,,,,,,,,,,1
576470720328392704,576491529004519424,576492967483015168,576491417524166656,576491439397437440,576473351973122048,576493330781061120,576493645047558144,,,,,,,,,,,,,,,,,,,,3
576770854803107841,,,,,,,,,,,,,,,,,,,,,,,,,,,1
576515871876767744,,,,,,,,,,,,,,,,,,,,,,,,,,,1
576319105965359105,576371148511809537,576320562949177344,576319319681937408,576364935363559424,576337741455093760,,,,,,,,,,,,,,,,,,,,,,3
576338374925164544,576338963390148608,,,,,,,,,,,,,,,,,,,,,,,,,,2
577294310573502465,577307955332292609,577322661270794240,577306671120175105,577306722668269569,577300721449771008,577302339821789184,577306517193375744,577304497363488768,,,,,,,,,,,,,,,,,,,5
576362213134454785,576363206958002178,576929338542530560,576407057840099328,,,,,,,,,,,,,,,,,,,,,,,,2
576694748095782912,577168724396019712,577168973663436801,576810723382333440,576733662705786880,577167108699729921,577167704626487296,576728896252567552,576695163378094080,576830654035415040,576823864560390144,577168112954552320,576712077915627520,577167199674212352,576795526433230848,576732282674749441,577167386618511360,576822391365636097,577169455488376833,576831057611358208,576697775531933698,577168530631708672,576773500460990464,576724217938464768,,,,10
577273752796282881,,,,,,,,,,,,,,,,,,,,,,,,,,,1
576819925005680640,576942400586670081,576941890299248640,,,,,,,,,,,,,,,,,,,,,,,,,1
576850639600357376,576852549669515264,576885797170888704,576891498572058624,,,,,,,,,,,,,,,,,,,,,,,,2
577303162765250560,577536668841967617,577339165815226368,577338136293953536,,,,,,,,,,,,,,,,,,,,,,,,3
576789978795155457,576794108011884544,576801551131500544,576790598968967168,576798455793721344,,,,,,,,,,,,,,,,,,,,,,,3
576821399983026177,577032640483708928,576823414666739712,,,,,,,,,,,,,,,,,,,,,,,,,2
576829262927413248,576846509632798720,576830686713217024,576847084579618816,576830316372996096,576893187962224640,576848493337296896,576833135326961664,,,,,,,,,,,,,,,,,,,,4
577297951325876224,,,,,,,,,,,,,,,,,,,,,,,,,,,1
576749539375235072,,,,,,,,,,,,,,,,,,,,,,,,,,,1
576531907606892544,,,,,,,,,,,,,,,,,,,,,,,,,,,1
576833924967493633,576837515644010496,,,,,,,,,,,,,,,,,,,,,,,,,,2
576812336952000512,576815236545560576,576818267953741824,576815456012611584,576826668213497856,576884495841767424,576816494492966913,576823746050322434,576932892565090304,576813944981061632,576844281635291136,576824959584063488,576816788513619968,576822187664936963,576827762805207040,576819156743499776,,,,,,,,,,,,2
576814574873235457,,,,,,,,,,,,,,,,,,,,,,,,,,,1
576855819125432321,576869680750686208,576888206026752001,576856267379105792,576864349345701888,,,,,,,,,,,,,,,,,,,,,,,3
576716016908136448,576812370116243456,576734996972572672,,,,,,,,,,,,,,,,,,,,,,,,,2
576480269835845632,,,,,,,,,,,,,,,,,,,,,,,,,,,1
576347888168644609,,,,,,,,,,,,,,,,,,,,,,,,,,,1
576528880208637952,576529509899505665,576529122157019136,,,,,,,,,,,,,,,,,,,,,,,,,3
576815428066009089,576816453208424448,,,,,,,,,,,,,,,,,,,,,,,,,,2
576763653329809408,,,,,,,,,,,,,,,,,,,,,,,,,,,1
576831447299796994,576836001772875776,576867815749079040,576966755404406784,576855767292252160,576856068472483841,576954166796386304,576839466771316736,576966626504904704,576961505700151296,576944683185795073,576873956331921409,576856440268308480,577091967789572096,576832537776947201,576855316677062657,576856599458897920,576854717009014784,576862026372255744,,,,,,,,,6
576276947648405505,576278902185705472,576279839205818368,576281472778182656,,,,,,,,,,,,,,,,,,,,,,,,4
577287176288776192,,,,,,,,,,,,,,,,,,,,,,,,,,,1
576448454005813248,,,,,,,,,,,,,,,,,,,,,,,,,,,1
576866204360581120,,,,,,,,,,,,,,,,,,,,,,,,,,,1
577301342617673729,,,,,,,,,,,,,,,,,,,,,,,,,,,1
576597020065996800,,,,,,,,,,,,,,,,,,,,,,,,,,,1
576840804834144258,,,,,,,,,,,,,,,,,,,,,,,,,,,1
576394422813769728,,,,,,,,,,,,,,,,,,,,,,,,,,,1
576889864907427840,576890955955113985,576890684508139520,576889985887920128,576904099133808640,,,,,,,,,,,,,,,,,,,,,,,2
576338406088687616,576549395287695360,,,,,,,,,,,,,,,,,,,,,,,,,,2
576330947588558849,,,,,,,,,,,,,,,,,,,,,,,,,,,1
576341809812623360,576531814904385536,576531327694057472,577107888868569088,,,,,,,,,,,,,,,,,,,,,,,,3
576346280336756737,,,,,,,,,,,,,,,,,,,,,,,,,,,1
576833011955679232,576833646281125889,,,,,,,,,,,,,,,,,,,,,,,,,,2
576472861528961024,576483439806951424,,,,,,,,,,,,,,,,,,,,,,,,,,2
576847727918739457,,,,,,,,,,,,,,,,,,,,,,,,,,,1
576468519598104577,,,,,,,,,,,,,,,,,,,,,,,,,,,1
576349360767807488,576352219760492544,576359488636235776,576360084575531008,576356448025776128,576351919360352256,576360555683782657,,,,,,,,,,,,,,,,,,,,,4
576379928914046976,,,,,,,,,,,,,,,,,,,,,,,,,,,1
576874788683005952,,,,,,,,,,,,,,,,,,,,,,,,,,,1
576192621351145472,576193576993869825,,,,,,,,,,,,,,,,,,,,,,,,,,2
576833924736892928,576842380252413953,576844305643511808,576843655115378689,576850812359602176,576835692531216384,576836741169975296,576841342413721600,576840214083145730,576847569512452097,576841888965238784,576841813778104320,576842535307513856,576838384817168384,576843802180235264,576845062757171200,576842473143734272,576838647967789056,576841573813501952,,,,,,,,,7
576327507093360640,,,,,,,,,,,,,,,,,,,,,,,,,,,1
576321889276207105,576341311411847168,576324010025349120,576324250543525889,,,,,,,,,,,,,,,,,,,,,,,,3
576427289111474177,577313739638067200,577311748476137472,,,,,,,,,,,,,,,,,,,,,,,,,3
576452724281102336,,,,,,,,,,,,,,,,,,,,,,,,,,,1
577261281125642241,,,,,,,,,,,,,,,,,,,,,,,,,,,1
576471501081292800,576471810088296449,576473889737433088,576476236614148097,576473348873535488,576473663492460544,576475395320606720,576472361786085376,,,,,,,,,,,,,,,,,,,,6
576376097824198656,,,,,,,,,,,,,,,,,,,,,,,,,,,1
576781604821053440,,,,,,,,,,,,,,,,,,,,,,,,,,,1
576565012086579200,576566826974445568,576573929118162944,576566509310492672,576571697064726528,576567487988400128,576566055264514049,576571431422717952,,,,,,,,,,,,,,,,,,,,7
576248645365846016,,,,,,,,,,,,,,,,,,,,,,,,,,,1
576327863802138624,576330194312511488,576342185941020674,,,,,,,,,,,,,,,,,,,,,,,,,2
576350258021675009,576355049472937984,576350767482818560,,,,,,,,,,,,,,,,,,,,,,,,,2
576508971923693568,576509521625018368,,,,,,,,,,,,,,,,,,,,,,,,,,2
576204915694964737,576213134861451264,,,,,,,,,,,,,,,,,,,,,,,,,,2
576356996145917952,576360067693412352,,,,,,,,,,,,,,,,,,,,,,,,,,2
576191681827057664,576218291909214209,,,,,,,,,,,,,,,,,,,,,,,,,,2
576181101577703424,576441584784252929,,,,,,,,,,,,,,,,,,,,,,,,,,2
576325381990535169,576360212816375808,,,,,,,,,,,,,,,,,,,,,,,,,,2
576794571629166592,576815997316947968,576815759046897665,576815860356136962,576840331104280577,576839672665628673,576852372841967616,576798105472991234,576841353927258112,576795091882344448,,,,,,,,,,,,,,,,,,3
576526802056814593,576527320774766593,576528944742182912,576532683024699392,576581356131627008,,,,,,,,,,,,,,,,,,,,,,,2
576231309254721536,576239078615592961,,,,,,,,,,,,,,,,,,,,,,,,,,2
576225987119198208,576307573806260224,576320730553405440,576272369091756032,576276113288224768,,,,,,,,,,,,,,,,,,,,,,,2
576863192854462464,,,,,,,,,,,,,,,,,,,,,,,,,,,1
576238005951811584,,,,,,,,,,,,,,,,,,,,,,,,,,,1
576319832800555008,576378344377298944,576336207203856385,576339955598942208,576341114610929664,576336711376056320,576352246394421249,576321886575017984,576321273594294272,576342675290497024,576321856166346752,576321555384401920,576330432750440448,577894532194443264,576327925869506560,576324695420743680,,,,,,,,,,,,3
576866204339609602,576881584734912513,576870425990438912,,,,,,,,,,,,,,,,,,,,,,,,,2
576794571448909824,576806920817926144,,,,,,,,,,,,,,,,,,,,,,,,,,2
576475228928385024,576502373272707072,576476692363026432,576848937635733504,576502095249043456,576514440939638786,576552343845650432,576606443186475008,576527616045400064,576529380266156032,576505136589250560,576498526580002816,576502815025176577,576549955873193984,,,,,,,,,,,,,,5
576709199146717185,576748703819653120,576747012227485696,,,,,,,,,,,,,,,,,,,,,,,,,3
576872037089566720,,,,,,,,,,,,,,,,,,,,,,,,,,,1
576238790936662017,576244606553219072,,,,,,,,,,,,,,,,,,,,,,,,,,2
576513091287945216,,,,,,,,,,,,,,,,,,,,,,,,,,,1
576394839220178946,,,,,,,,,,,,,,,,,,,,,,,,,,,1
577269846259433472,577274705767350272,577271787387486208,,,,,,,,,,,,,,,,,,,,,,,,,2
576780691616198656,,,,,,,,,,,,,,,,,,,,,,,,,,,1
576755174531862529,576757065089159169,576756436321071104,576756801045139457,576755963597746176,576758668026245120,,,,,,,,,,,,,,,,,,,,,,3
576815329172590592,576816186693971968,576816863696437248,576817375971954688,,,,,,,,,,,,,,,,,,,,,,,,3
576643337173749760,,,,,,,,,,,,,,,,,,,,,,,,,,,1
576397815406071808,576399165426536449,,,,,,,,,,,,,,,,,,,,,,,,,,2
576821651490340864,576825728961933312,576829797109624832,,,,,,,,,,,,,,,,,,,,,,,,,2
576552070456741888,576581439279497217,576556606869078016,576562227425198080,576841451629314048,,,,,,,,,,,,,,,,,,,,,,,2
576348679231033344,576408522998575104,,,,,,,,,,,,,,,,,,,,,,,,,,2
576378113711558656,,,,,,,,,,,,,,,,,,,,,,,,,,,1
576485427315535872,,,,,,,,,,,,,,,,,,,,,,,,,,,1
576813256905486336,576817177854152704,576897462503235584,577058036876906496,576815057423589377,576822148842536960,576820563588562945,576820097312010240,576819488357785600,576818552096821248,,,,,,,,,,,,,,,,,,2
576513463738109954,576514586087714817,576530311149932544,576513717212442625,576516280431337472,576517854268403713,576611747982897152,576526712940310528,,,,,,,,,,,,,,,,,,,,2
576509083152457728,576510563276177408,576509617162883072,576511113191251969,576529226754617345,576555227953909760,,,,,,,,,,,,,,,,,,,,,,4
576820722426839040,576996607717150720,576821833845977088,576828055651504129,576821702547673088,576895722252988416,576903704768618496,577017471678345216,,,,,,,,,,,,,,,,,,,,4
577342598592901120,,,,,,,,,,,,,,,,,,,,,,,,,,,1
576507292415320064,,,,,,,,,,,,,,,,,,,,,,,,,,,1
576812998418939904,576813964375523328,576813541736517634,,,,,,,,,,,,,,,,,,,,,,,,,3
576516069516525568,576533003892965378,576531207334268928,576516819424534528,576531676899254272,,,,,,,,,,,,,,,,,,,,,,,4
576321916593659904,576322113876992000,576432008987062272,576432511649202176,576431564084658176,576434048882606080,576326173615063040,576325058022494208,576323427503591426,576324105445777408,576432032957341696,576356967373004800,576370222573182976,,,,,,,,,,,,,,,3
576860610400501760,,,,,,,,,,,,,,,,,,,,,,,,,,,1
576842966964117504,,,,,,,,,,,,,,,,,,,,,,,,,,,1
577258317942149120,577287160329465856,577283431089901568,577282462788677634,577284294051123201,577260238316830721,,,,,,,,,,,,,,,,,,,,,,2
576775762461745152,576775861711425536,576783749259591680,576778816372285440,576779560471019520,577600283959795712,,,,,,,,,,,,,,,,,,,,,,5
576483978363973632,576493490277875712,576511920863363072,576485745508007936,576484152679084032,576485246230794240,576485097865637888,576507577292492800,576500762705981440,576484660919840768,576484390001254400,,,,,,,,,,,,,,,,,2
576465693798957058,,,,,,,,,,,,,,,,,,,,,,,,,,,1
576175612336992257,,,,,,,,,,,,,,,,,,,,,,,,,,,1
576316647880839168,576398762857271296,579479145828257793,,,,,,,,,,,,,,,,,,,,,,,,,2
576382704700256256,576398388159102977,576481506849394688,,,,,,,,,,,,,,,,,,,,,,,,,2
577295940278738944,,,,,,,,,,,,,,,,,,,,,,,,,,,1
577269239779893248,577282428768636930,577281531846135808,577282109322178560,577283960549429249,577282925319815168,577281075270975488,,,,,,,,,,,,,,,,,,,,,1
576423157587906560,576432409127833600,576431204028809217,576430946062360576,576439667664367616,,,,,,,,,,,,,,,,,,,,,,,4
576819219876225024,576821838308896768,,,,,,,,,,,,,,,,,,,,,,,,,,2
577298811460128768,,,,,,,,,,,,,,,,,,,,,,,,,,,1
576859807388418050,576859916524261376,,,,,,,,,,,,,,,,,,,,,,,,,,2
576892395930955776,,,,,,,,,,,,,,,,,,,,,,,,,,,1
576855835445428225,576873023581470720,576858939817611264,576857578296205312,576873625204211712,,,,,,,,,,,,,,,,,,,,,,,4
577303343728627712,,,,,,,,,,,,,,,,,,,,,,,,,,,1
576389199202496512,,,,,,,,,,,,,,,,,,,,,,,,,,,1
576185920094908416,,,,,,,,,,,,,,,,,,,,,,,,,,,1
576412997662433280,576421946658721792,,,,,,,,,,,,,,,,,,,,,,,,,,2
577300802294804481,577301613502722050,577301539255132160,577302645326614528,577301668326326273,577431662771986433,577301727193477120,577302472995176448,577301299064020993,577301446154182657,577304795779829760,577304877858181120,577301052845789185,577301698797969408,577302224058994689,577321731427201024,577301795879391232,577308285772001281,577305296676106240,577867181184172032,577302518914551808,577302444163645440,577304521921183746,577303965647433728,,,,5
576402376073965568,,,,,,,,,,,,,,,,,,,,,,,,,,,1
576592351776346112,,,,,,,,,,,,,,,,,,,,,,,,,,,1
576830057496248320,,,,,,,,,,,,,,,,,,,,,,,,,,,1
576794158108581888,,,,,,,,,,,,,,,,,,,,,,,,,,,1
576551024929992705,,,,,,,,,,,,,,,,,,,,,,,,,,,1
576412144759136256,576413137097920512,,,,,,,,,,,,,,,,,,,,,,,,,,2
576836049151868928,,,,,,,,,,,,,,,,,,,,,,,,,,,1
576772668805935104,,,,,,,,,,,,,,,,,,,,,,,,,,,1
576641067317096448,576666550951809025,576649728580009984,576643221683617792,,,,,,,,,,,,,,,,,,,,,,,,2
576481588004933632,576513424676528130,576482936821821440,576509996180996096,,,,,,,,,,,,,,,,,,,,,,,,3
576524931409772544,,,,,,,,,,,,,,,,,,,,,,,,,,,1
576790814942236672,,,,,,,,,,,,,,,,,,,,,,,,,,,1
576546827643703296,576726511392202752,576559437487337472,576648330983444480,576688537757720576,,,,,,,,,,,,,,,,,,,,,,,2
576494415851626496,576690670397718528,576715687407673344,576691799747596288,,,,,,,,,,,,,,,,,,,,,,,,2
576848770136174594,576851283178614784,576857125772763136,577051832930959360,576848918815719424,576896355572035584,,,,,,,,,,,,,,,,,,,,,,2
576811711652450304,576867165359513601,576812609770422272,576813071651471361,576813609004711937,,,,,,,,,,,,,,,,,,,,,,,3
576771847754268672,,,,,,,,,,,,,,,,,,,,,,,,,,,1
576494602070441984,,,,,,,,,,,,,,,,,,,,,,,,,,,1
576889130258419712,577091478842818560,576893806538276865,,,,,,,,,,,,,,,,,,,,,,,,,2
576497758862987265,,,,,,,,,,,,,,,,,,,,,,,,,,,1
576833878981136384,,,,,,,,,,,,,,,,,,,,,,,,,,,1
576435578691956736,,,,,,,,,,,,,,,,,,,,,,,,,,,1
576867083331497984,,,,,,,,,,,,,,,,,,,,,,,,,,,1
576486732864098304,,,,,,,,,,,,,,,,,,,,,,,,,,,1
576406521833086976,576411347363196928,576410164154253312,576408036048240640,576414184029700096,576408861093015552,576412671748255744,576415111419670528,576417815898550272,576472129325129728,576414738122424320,576414588612280320,,,,,,,,,,,,,,,,5
576736349153288192,,,,,,,,,,,,,,,,,,,,,,,,,,,1
576510163596795906,,,,,,,,,,,,,,,,,,,,,,,,,,,1
576746408184676352,,,,,,,,,,,,,,,,,,,,,,,,,,,1
576732099304095744,,,,,,,,,,,,,,,,,,,,,,,,,,,1
576617856919465984,576750154016911360,,,,,,,,,,,,,,,,,,,,,,,,,,2
576769677592039424,576770323690967041,,,,,,,,,,,,,,,,,,,,,,,,,,2
576679386616881152,,,,,,,,,,,,,,,,,,,,,,,,,,,1
576773359729426432,,,,,,,,,,,,,,,,,,,,,,,,,,,1
576757242042703872,576781899819040769,577362070120714240,,,,,,,,,,,,,,,,,,,,,,,,,2
577308426902056960,,,,,,,,,,,,,,,,,,,,,,,,,,,1
576814014438703104,576817531882700802,,,,,,,,,,,,,,,,,,,,,,,,,,2
576795865433706496,,,,,,,,,,,,,,,,,,,,,,,,,,,1
576600087066869760,576991258327048192,577104338314739712,,,,,,,,,,,,,,,,,,,,,,,,,2
576657704933990400,576663270318317568,576660281809629184,576687349473665024,577004860245172224,576844417757229056,576678038382850048,,,,,,,,,,,,,,,,,,,,,2
576816930272776192,,,,,,,,,,,,,,,,,,,,,,,,,,,1
576249853979807745,,,,,,,,,,,,,,,,,,,,,,,,,,,1
576530892119793664,577224163338907648,,,,,,,,,,,,,,,,,,,,,,,,,,2
576767713328144384,577193233601683457,576781013214449664,576767812758175744,577178646508646401,576784299648761857,576784336118288384,576783405846781952,,,,,,,,,,,,,,,,,,,,2
576417507277467648,,,,,,,,,,,,,,,,,,,,,,,,,,,1
576890261382520832,576891971731517440,,,,,,,,,,,,,,,,,,,,,,,,,,2
577309214663684097,,,,,,,,,,,,,,,,,,,,,,,,,,,1
576357849204412416,576530026868416512,,,,,,,,,,,,,,,,,,,,,,,,,,2
576656873681731584,,,,,,,,,,,,,,,,,,,,,,,,,,,1
576806702454075392,576988526492966913,,,,,,,,,,,,,,,,,,,,,,,,,,2
576388172109750273,576423012620242945,576391701150969857,,,,,,,,,,,,,,,,,,,,,,,,,3
577277669588537344,,,,,,,,,,,,,,,,,,,,,,,,,,,1
576723588952276992,,,,,,,,,,,,,,,,,,,,,,,,,,,1
576819222694744064,,,,,,,,,,,,,,,,,,,,,,,,,,,1
576465897637949440,,,,,,,,,,,,,,,,,,,,,,,,,,,1
576671947091779584,576674294924591105,576687821748105216,576688549262675968,,,,,,,,,,,,,,,,,,,,,,,,3
576767882945789953,,,,,,,,,,,,,,,,,,,,,,,,,,,1
576777317474652160,577454284436025344,577452882984878081,,,,,,,,,,,,,,,,,,,,,,,,,1
576655512462344192,576657016875253760,,,,,,,,,,,,,,,,,,,,,,,,,,2
576573355404431360,,,,,,,,,,,,,,,,,,,,,,,,,,,1
576336032809005056,,,,,,,,,,,,,,,,,,,,,,,,,,,1
576321776424189954,576387157352394753,576323181075533824,576328180912508928,576330300545859584,576386261138673664,576388673140322305,576387882476285952,576386819421544448,,,,,,,,,,,,,,,,,,,4
576885758537109505,576886804118405121,,,,,,,,,,,,,,,,,,,,,,,,,,2
576171827086520320,576388212534427648,,,,,,,,,,,,,,,,,,,,,,,,,,2
576639665786249216,576663667816673280,576640393317605376,,,,,,,,,,,,,,,,,,,,,,,,,2
577294068851421184,,,,,,,,,,,,,,,,,,,,,,,,,,,1
576772770220113920,576773487450279936,,,,,,,,,,,,,,,,,,,,,,,,,,2
577311956048154625,577341255836823552,,,,,,,,,,,,,,,,,,,,,,,,,,2
576429318701760512,576430389016731648,,,,,,,,,,,,,,,,,,,,,,,,,,2
577301582917816321,,,,,,,,,,,,,,,,,,,,,,,,,,,1
576713397196210176,576714310644338688,576715505156886529,576714859573809152,,,,,,,,,,,,,,,,,,,,,,,,4
576815154735775744,576816386829213697,576816864904523777,,,,,,,,,,,,,,,,,,,,,,,,,2
576453994484252673,576456536698023936,576457516487409664,576456002079473664,576457671110459392,,,,,,,,,,,,,,,,,,,,,,,4
576860068316057600,577253894809608192,,,,,,,,,,,,,,,,,,,,,,,,,,2
576687226979004416,576818846553804800,,,,,,,,,,,,,,,,,,,,,,,,,,2
576807652145160192,576815014012542976,576815964425097216,576818729054576640,576815021516308480,576815263544320001,576810246749970432,576814504031461376,576809327287246848,576814822844723202,576819034777346048,576810429663543296,576815690633580544,576815549096673280,576808049454632960,576811601891696640,576813832334610432,576817649570701314,576820349691523072,576808470978125824,576809561408991232,576810603332894720,576809808822710272,576810103103328256,,,,13
576499275754041344,576500117450162177,577231869483356160,576669313765015552,577321885387587584,,,,,,,,,,,,,,,,,,,,,,,2
576842803013091329,,,,,,,,,,,,,,,,,,,,,,,,,,,1
576853097445752832,577065941487374336,577177995967897600,,,,,,,,,,,,,,,,,,,,,,,,,3
576393784835072001,576397375092101120,,,,,,,,,,,,,,,,,,,,,,,,,,2
576770693683105792,,,,,,,,,,,,,,,,,,,,,,,,,,,1
576857359533789184,576863908088119296,,,,,,,,,,,,,,,,,,,,,,,,,,2
576825885774467072,,,,,,,,,,,,,,,,,,,,,,,,,,,1
576427952860045313,576534486663446528,576449871697195008,576517534201065473,576459948009349120,,,,,,,,,,,,,,,,,,,,,,,2
576847722055131136,576859038534799360,576848344791818240,576852017517367296,576855731384745985,576848051081449472,,,,,,,,,,,,,,,,,,,,,,4
576480712699744257,,,,,,,,,,,,,,,,,,,,,,,,,,,1
577287149516541952,577287678368022529,577296075196751873,,,,,,,,,,,,,,,,,,,,,,,,,2
576504635738951680,577215318096924672,576656302652403712,576574618154192897,576569045471772672,576668081776422912,576549099706667008,577181933253300225,576774595879006208,577028329645178880,577282024907489280,576664223859793920,576627379235336192,576505875302457344,576505941618597888,576669587934208000,576506015144882177,577183146967449600,,,,,,,,,,4
576407819353780224,576731724727595009,576408791840854016,576434346178924544,,,,,,,,,,,,,,,,,,,,,,,,4
576821792834232320,576822346041950208,576824367939608576,576822480490381313,,,,,,,,,,,,,,,,,,,,,,,,2
576477089043488769,576477420905111552,576477715164995584,576491644763160576,576477583329640448,576492416754139136,576480303700660224,576493905828536320,576479287471136769,576480452057407488,576492303117864960,576479160530546688,576477861076430849,576488760990408704,576485932926414848,576486756276658176,576482888964681728,576577906232680448,576478811207950336,576486847494258688,576522320556228609,576491275211403264,576494168106733568,,,,,6
576777148217843712,576777575818784769,577227413622509568,,,,,,,,,,,,,,,,,,,,,,,,,2
577302850318938113,577445245387931648,577329191567302657,578598438025195520,,,,,,,,,,,,,,,,,,,,,,,,3
576509905596727296,576514970466328576,576526536066613248,,,,,,,,,,,,,,,,,,,,,,,,,2
576464933648371712,,,,,,,,,,,,,,,,,,,,,,,,,,,1
576387464924819456,576398159435329536,,,,,,,,,,,,,,,,,,,,,,,,,,2
576443643680178176,576444037437198336,576446450856435713,576462402864177153,,,,,,,,,,,,,,,,,,,,,,,,2
576715243948118016,,,,,,,,,,,,,,,,,,,,,,,,,,,1
