emoji_count,URLcount,has_media,Skepticism,MentionCount,FirstPersonPronoun,SecondPersonPronoun,ThirdPersonPronoun,test_auxiliary,test_tentat,test_certain,Numeral,char_count,word_count,HashTag,has_question,has_exclaim,has_period,capital_ratio,retweet_count,tweet_count,listed_count,friends_count,follower_count,followers/friend,favourites_count,account_age_days,verified
0,1,0,5,0,0,0,0,0,0,0,0,69,8,0,0,0,1,0.10144927536231885,117,40676,148,652,21833,33.486196319018404,3.984527313343797,1570,0
0,0,0,4,0,2,0,0,4,0,0,0,148,25,1,0,0,1,0.02702702702702703,10402,509,1623,176,488496,2775.5454545454545,0.8450980400204611,579,1
0,0,0,4,0,0,0,1,0,0,0,0,119,20,0,0,0,1,0.025210084033613446,126,83232,2165,144,232347,1613.5208333333333,2.276461804173474,2042,0
0,2,1,9,0,0,0,0,0,0,0,0,130,16,0,0,0,1,0.1076923076923077,192,15448,608,716,73548,102.72067039106145,2.0043213737830725,468,1
0,1,0,6,1,0,0,0,1,0,0,0,120,15,0,0,0,1,0.06666666666666667,196,83232,2165,144,232347,1613.5208333333333,2.276461804173474,2039,0
0,1,0,8,0,2,0,0,2,0,0,0,129,19,0,0,0,1,0.07751937984496124,1464,509,1623,176,488496,2775.5454545454545,0.8450980400204611,579,1
0,1,1,5,0,0,0,0,0,0,0,0,90,10,0,0,0,1,0.12222222222222222,575,10431,37,15,7416,494.4,4.342945178152237e-11,881,0
0,1,1,5,0,0,0,0,0,0,0,0,125,17,0,0,0,1,0.104,781,728,84,153,115868,757.3071895424837,0.7781512503908818,454,0
0,1,0,7,0,0,0,1,0,0,0,0,135,19,0,0,0,1,0.07407407407407407,123,33646,264,476,28220,59.285714285714285,2.290034611362741,1219,0
0,0,0,7,0,0,0,0,1,0,0,0,126,19,1,0,0,0,0.07936507936507936,143,105460,1986,286,606359,2120.1363636363635,1.3802112417134156,1242,0
0,0,0,6,0,0,0,1,0,0,0,0,113,17,0,0,0,1,0.07079646017699115,859,29,1,488,1456,2.9836065573770494,0.6020599913388197,688,0
0,1,1,5,0,0,0,0,0,0,0,0,138,16,1,0,0,1,0.14492753623188406,248,2181,2,1221,469,0.3841113841113841,4.342945178152237e-11,178,0
0,1,1,5,0,0,0,0,0,0,0,0,125,17,0,0,0,1,0.104,3751,3005,697,145,241577,1666.048275862069,1.6334684555805965,248,0
0,0,0,5,0,0,0,0,1,0,0,0,96,15,0,0,0,1,0.0625,268,7496,470,159,118697,746.5220125786163,1.8129133566435238,400,0
0,0,0,3,0,0,0,0,1,0,0,0,100,18,1,0,0,0,0.09,3,55671,727,795,24763,31.148427672955975,1.579783596617953,2261,1
0,1,0,3,2,0,0,0,0,0,0,0,132,17,1,0,0,1,0.11363636363636363,10,78125,1918,1980,156165,78.87121212121212,1.7323937598237729,2466,1
0,0,0,2,1,0,0,0,3,0,0,0,88,14,3,0,0,0,0.10227272727272728,10,22594,375,946,11225,11.865750528541227,2.305351369446839,2075,1
0,1,1,3,1,1,0,0,0,0,0,0,109,11,4,0,1,1,0.1834862385321101,8,9809,13,1281,1308,1.0210772833723654,1.041392685162173,1377,0
0,2,1,5,0,0,1,0,1,0,0,0,100,12,0,1,0,1,0.1,18,119076,5629,339,295373,871.306784660767,3.532244643626595,2470,1
0,0,0,4,1,0,0,0,1,0,0,0,110,16,0,0,1,1,0.09090909090909091,15,3702,40,474,3664,7.729957805907173,0.6989700043447047,771,0
0,0,0,3,0,1,1,0,2,0,0,1,130,26,0,0,0,1,0.05384615384615385,4,134781,20,625,931,1.4896,3.3029799367482706,1841,0
0,0,0,5,0,0,0,0,3,0,0,0,125,23,0,0,1,1,0.064,3,38101,34,1352,1156,0.8550295857988166,3.225825991461919,2093,0
0,1,0,2,2,0,1,0,0,0,0,0,126,15,1,1,0,1,0.11904761904761904,2,39271,2939,973,141907,145.8448098663926,2.6580113966572076,2119,1
0,1,1,5,1,0,0,1,3,1,0,0,140,17,3,1,0,1,0.06428571428571428,2,13123,64,692,5711,8.252890173410405,2.909556029241229,1224,0
0,0,0,6,0,1,0,1,2,0,0,0,125,21,0,0,0,1,0.04,2,10752,24,510,576,1.1294117647058823,3.278753600952852,2019,0
0,1,1,6,1,0,0,0,2,0,0,1,140,23,1,0,0,1,0.07142857142857142,3,5557,59,957,1992,2.0815047021943576,1.361727836019481,2190,0
0,0,0,2,0,0,0,1,2,1,0,0,113,18,1,0,0,1,0.017699115044247787,2,401,12,552,266,0.48188405797101447,0.6020599913388197,2090,0
0,1,1,2,0,0,0,0,0,0,0,0,81,9,0,1,0,1,0.16049382716049382,4,9201,253,928,15155,16.330818965517242,3.289365951520054,1282,0
0,0,0,7,0,2,0,1,4,1,0,0,130,22,2,0,1,1,0.05384615384615385,10,23,23,166,1404,8.457831325301205,1.2552725051057187,8,0
0,1,0,3,0,0,0,0,1,0,0,0,80,11,0,1,0,1,0.0875,5,39247,2938,973,141821,145.75642343268242,2.6570558528571997,2119,1
0,0,0,2,6,0,0,0,1,0,0,2,122,13,1,0,0,1,0.2786885245901639,3,22862,43,481,2243,4.663201663201663,1.3424226808241804,1494,0
0,1,0,3,1,0,0,0,0,0,0,0,128,16,2,1,0,1,0.1875,2,142135,50,776,2788,3.5927835051546393,1.6901960800294,1503,0
0,0,0,1,0,0,0,1,2,0,0,1,116,14,3,0,0,1,0.1896551724137931,2,94,0,71,37,0.5211267605633803,1.7160033436356343,154,0
0,0,0,3,0,0,0,2,0,0,0,0,96,18,2,0,0,1,0.03125,7,6734,114,189,17345,91.77248677248677,3.2812606870550356,2035,1
0,0,0,3,0,1,0,1,1,0,0,0,124,21,0,1,0,1,0.056451612903225805,2,6508,32,143,1931,13.503496503496503,1.832508912706875,2075,0
0,0,0,4,0,1,0,0,3,0,0,0,137,23,0,0,0,1,0.021897810218978103,11,14369,245,2128,31352,14.733082706766917,3.8821259197700373,1705,0
0,2,0,4,0,4,0,0,0,0,0,0,135,19,1,0,0,1,0.1037037037037037,6,62283,2199,420,113898,271.1857142857143,1.1760912590585766,2370,1
0,0,0,3,0,0,0,0,2,0,0,0,82,14,0,0,0,0,0.08536585365853659,2,17586,47,3497,9448,2.701744352301973,3.299289334087702,2196,0
0,1,1,1,0,0,0,0,2,0,0,0,64,8,0,1,0,1,0.15625,36,6843,250,580,19282,33.244827586206895,2.899820502427151,2077,1
0,1,0,4,0,0,0,0,0,0,0,0,126,18,0,0,0,1,0.06349206349206349,6,1760,49,14,3757,268.35714285714283,2.5490032620259107,638,0
0,1,0,2,3,0,1,0,0,0,0,0,140,16,1,1,0,1,0.09285714285714286,3,39258,2938,973,141842,145.77800616649537,2.6570558528571997,2119,1
0,1,0,4,0,0,0,0,0,0,0,0,69,8,0,0,0,1,0.13043478260869565,3,29451,2037,1029,103423,100.50826044703595,1.8195439355425267,2058,1
0,1,0,5,0,0,0,0,2,0,0,0,125,15,2,0,0,1,0.152,8,62294,2199,420,113917,271.2309523809524,1.1760912590585766,2370,1
0,2,1,4,0,0,0,0,0,0,0,0,117,12,0,0,0,1,0.11965811965811966,47,48712,2572,103,153122,1486.621359223301,2.7442929831227545,2168,0
0,2,1,3,0,0,0,2,1,0,0,0,118,15,2,1,0,1,0.07627118644067797,2,66423,452,2668,8852,3.31784107946027,3.611510887126667,2164,0
0,1,1,6,0,0,0,1,1,0,0,1,119,19,0,0,0,1,0.1092436974789916,14,10744,25,509,577,1.1335952848722985,3.2780673308886854,2019,0
0,1,0,3,0,0,0,0,1,0,0,0,89,12,1,0,1,1,0.12359550561797752,4,5843,43,1978,1360,0.6875631951466128,3.035829825252868,922,0
0,1,0,5,0,0,0,0,0,0,0,0,84,10,0,0,0,1,0.10714285714285714,13,62661,13995,3625,2064747,569.5853793103448,3.4917817755841796,2566,1
0,1,0,7,2,0,0,0,2,0,0,2,139,18,0,0,1,1,0.02877697841726619,4,3713,39,474,3670,7.742616033755274,0.6989700043447047,771,0
0,1,0,2,0,0,0,0,0,0,0,0,65,8,0,0,0,1,0.06153846153846154,18,1990,17,112,543,4.848214285714286,0.30102999568569594,836,1
0,1,0,3,0,0,0,2,1,0,0,0,119,17,2,1,0,1,0.11764705882352941,5,48848,287,108,13399,124.06481481481481,3.604334073102922,2128,0
0,0,0,3,0,0,0,0,1,0,0,0,61,11,0,1,0,0,0.13114754098360656,2,1129,15,413,1586,3.8401937046004844,2.683947130751602,970,0
0,0,0,1,0,0,0,0,1,0,0,0,139,20,1,0,0,0,0.14388489208633093,8,6182,10,384,403,1.0494791666666667,3.2543063323313097,367,0
0,2,1,3,0,0,0,0,0,0,0,0,111,14,0,0,0,1,0.16216216216216217,12,55668,728,795,24763,31.148427672955975,1.579783596617953,2261,1
0,1,0,2,1,0,0,0,1,0,0,0,134,20,1,0,0,1,0.08208955223880597,7,39285,2940,973,141954,145.89311408016445,2.6589648426645303,2120,1
0,0,0,1,0,0,0,0,0,0,0,2,70,12,0,0,0,1,0.18571428571428572,5,2476,5,57,1286,22.56140350877193,2.900367128656525,1609,0
0,2,1,3,0,0,0,0,0,0,0,0,97,10,1,0,0,1,0.14432989690721648,5,30688,789,470,61629,131.12553191489363,2.6404814369705214,2146,1
0,0,0,6,0,2,0,2,2,0,0,0,135,26,1,1,0,0,0.044444444444444446,2,35311,84,641,2577,4.02028081123245,4.246547817741823,1336,0
0,1,1,2,0,0,0,0,0,0,0,0,75,10,1,0,0,1,0.12,4,6849,31,130,3357,25.823076923076922,2.4393326938304205,1939,0
0,1,0,5,0,0,0,0,2,0,0,0,135,21,0,0,0,1,0.06666666666666667,7,115339,2268,2805,122102,43.5301247771836,2.806858029518885,1285,1
0,0,0,3,0,0,0,1,0,0,0,0,107,18,0,0,0,0,0.009345794392523364,3,33858,124,607,9431,15.537067545304778,1.6989700043368874,1762,1
0,0,0,4,1,0,0,0,2,0,0,0,110,19,1,0,0,0,0.05454545454545454,2,57020,369,1361,20375,14.97060984570169,3.343999069057181,2041,1
0,0,0,5,0,0,0,1,1,0,0,0,101,14,5,0,0,1,0.15841584158415842,2,39,0,647,61,0.09428129829984544,0.6020599913388197,66,0
0,0,0,2,0,0,0,0,0,0,0,1,138,22,0,0,1,1,0.036231884057971016,2,1886,275,3714,8215,2.211900915455035,1.9395192526191176,1659,0
0,0,0,4,0,0,0,0,0,0,0,1,139,24,1,0,0,1,0.05755395683453238,5,3681,18,372,811,2.1801075268817205,3.91597991414023,1282,0
0,1,0,3,0,0,0,0,1,0,0,0,80,10,0,0,0,1,0.0375,4,13298,742,102,43564,427.0980392156863,0.6020599913388197,1503,0
0,1,0,4,0,0,0,0,3,0,0,2,120,17,2,0,0,1,0.11666666666666667,16,33259,1212,4187,50162,11.980415572008598,1.1139433523101776,2210,1
0,1,0,3,0,0,0,0,1,0,0,0,74,10,0,1,0,1,0.12162162162162163,5,10662,107,994,2462,2.476861167002012,2.361727836017782,2428,1
0,1,1,3,1,1,0,0,1,0,0,0,106,14,1,0,1,1,0.2169811320754717,10,5243,31,608,2479,4.077302631578948,3.0788191830988847,963,0
0,2,1,4,1,0,0,0,0,0,0,0,117,13,2,0,0,1,0.1794871794871795,2,30952,58,2043,1252,0.6128242780225159,1.1461280356813401,2134,1
0,1,0,5,0,0,3,0,1,0,0,0,124,20,1,1,0,1,0.056451612903225805,5,16869,214,5751,8859,1.5404277516953573,3.4274861090958018,2301,0
0,0,0,1,0,0,0,0,2,0,0,0,120,19,4,0,0,1,0.21666666666666667,3,3730,42,1999,1064,0.5322661330665333,1.2304489213808285,1289,0
0,0,0,3,0,0,0,0,4,0,0,0,143,25,0,0,0,1,0.03496503496503497,3,14755,123,446,7697,17.257847533632287,2.532754378992625,2062,1
0,0,0,2,2,0,0,0,3,0,0,0,139,21,1,0,0,0,0.08633093525179857,5,66432,451,2669,8853,3.3169726489321842,3.6116171105543464,2165,0
0,1,1,3,0,0,0,0,1,0,0,0,98,14,1,0,0,1,0.05102040816326531,11,4203,150,13848,16871,1.2182986712882726,2.385606273598491,1633,0
0,2,1,3,1,0,0,0,2,0,0,0,140,16,0,0,0,1,0.06428571428571428,3,107177,17,1983,2194,1.1064044377206252,3.969741976762859,1038,0
0,2,1,3,0,0,0,0,0,0,0,0,97,11,0,0,0,1,0.16494845360824742,27,22725,1401,20,164314,8215.7,-10.0,2069,1
0,1,1,5,0,0,0,0,0,0,0,0,140,21,1,0,0,1,0.06428571428571428,2,3282,70,991,1656,1.6710393541876891,1.6901960800294,2160,0
0,2,1,5,0,0,0,0,1,0,0,0,136,18,0,1,0,1,0.13970588235294118,5,7630,68,6239,6486,1.039589677832986,2.2671717284032487,2072,0
0,1,1,2,0,0,0,0,0,0,0,1,125,18,1,0,0,1,0.072,12,2595,44,269,5018,18.654275092936803,4.342945178152237e-11,916,0
0,0,0,9,1,0,0,0,1,0,0,2,138,15,0,0,0,0,0.043478260869565216,9,22012,305,604,4309,7.1341059602649,0.9542425094441503,2213,0
0,0,0,1,0,0,0,0,2,0,0,0,74,11,0,0,0,1,0.06756756756756757,11,16612,1223,13526,100764,7.449652521070531,0.6020599913388197,2787,0
0,0,0,7,0,0,1,2,1,0,0,0,140,29,0,0,0,0,0.05,2,6325,54,689,4027,5.844702467343977,2.247973266362052,1329,0
0,0,0,2,1,0,0,0,1,0,0,0,124,19,1,0,0,1,0.16129032258064516,2,132,0,16,29,1.8125,0.6020599913388197,559,0
0,1,0,3,0,0,0,0,1,0,0,0,76,9,1,1,0,1,0.10526315789473684,2,4391,59,529,1103,2.0850661625708886,2.759667844689706,2061,1
0,1,0,3,0,0,0,0,1,0,0,0,101,14,0,0,0,1,0.09900990099009901,7,13958,2081,234,81927,350.11538461538464,1.041392685162173,1985,1
0,0,0,5,0,1,0,0,0,0,0,0,138,25,1,0,0,1,0.028985507246376812,2,6435,60,627,2181,3.478468899521531,2.6304278750251258,2057,0
0,0,0,2,1,2,0,0,3,0,0,0,102,18,2,0,1,0,0.06862745098039216,5,1239,12,1224,597,0.4877450980392157,1.3802112417134156,1759,0
0,1,0,3,1,0,0,0,3,0,0,0,137,20,0,0,0,1,0.08759124087591241,3,27126,86,993,3024,3.0453172205438066,3.4577305482460137,2105,0
0,2,1,4,0,0,0,1,0,0,0,0,140,18,1,0,0,1,0.1357142857142857,2,1883,120,267,1994,7.468164794007491,1.000000000004343,2287,1
0,0,0,2,0,0,0,0,1,0,0,0,79,12,0,0,0,1,0.08860759493670886,2,4108,21,1073,417,0.3886300093196645,2.4377505628205465,634,0
0,0,0,3,3,0,1,1,2,0,0,0,120,23,1,1,1,0,0.15,5,67856,175,885,18682,21.10960451977401,3.6485551556626805,1153,0
0,1,1,2,1,0,2,0,1,0,0,0,81,10,2,1,0,1,0.18518518518518517,3,6057,10,578,703,1.2162629757785468,3.8581761379823503,431,0
8,1,1,4,1,1,0,0,0,0,0,0,111,15,0,0,0,1,0.14414414414414414,2,10517,11,590,882,1.494915254237288,3.3671694885346994,1190,0
0,1,0,3,1,0,0,0,0,0,0,0,95,11,2,0,0,1,0.18947368421052632,3,1578,7,284,365,1.2852112676056338,3.189770956346902,2070,0
0,1,0,3,0,0,0,1,2,0,0,0,92,13,0,1,0,1,0.08695652173913043,7,2947,1030,412,44686,108.46116504854369,0.30102999568569594,1988,1
0,1,1,4,0,0,0,0,0,0,0,0,141,20,1,0,0,1,0.06382978723404255,36,64679,165,1666,4664,2.7995198079231693,3.916506587115161,2051,1
0,1,0,7,0,0,0,0,2,0,0,0,103,15,0,0,0,1,0.10679611650485436,11,31915,4375,11229,244093,21.737732656514382,2.743509764728508,2791,0
0,2,1,3,0,0,0,0,2,0,0,0,112,13,0,0,0,1,0.07142857142857142,27,119113,5627,339,295581,871.9203539823009,3.532244643626595,2470,1
0,1,0,3,0,0,0,0,0,0,0,0,72,9,0,0,0,1,0.09722222222222222,5,33256,1212,4187,50155,11.978743730594697,1.1139433523101776,2209,1
0,1,0,3,0,0,0,0,0,0,0,0,77,10,0,0,0,1,0.11688311688311688,17,16610,1222,13525,100755,7.4495378927911275,0.6020599913388197,2787,0
0,1,0,3,0,0,0,1,0,0,0,0,121,19,0,0,0,1,0.08264462809917356,9,24785,2922,8371,116798,13.9526938239159,2.3283796034389415,2237,1
0,3,1,6,0,0,0,0,1,0,0,0,126,13,0,1,0,1,0.11904761904761904,5,4955,211,1437,3050,2.1224773834377175,2.5611013836491754,2293,1
0,0,0,0,0,0,0,0,1,0,0,0,47,9,1,1,0,0,0.0851063829787234,2,6837,2,866,213,0.24595842956120093,2.525044807036975,1075,0
0,1,0,3,0,0,0,0,1,0,0,0,76,10,0,1,0,1,0.05263157894736842,5,17180,1657,202,84036,416.019801980198,0.6989700043447047,2119,1
0,0,0,6,2,0,0,0,1,0,1,0,133,18,0,0,0,1,0.06015037593984962,2,709,4,148,246,1.662162162162162,2.298853076409925,1775,0
0,1,1,3,0,1,0,1,2,0,0,0,111,17,0,0,0,1,0.07207207207207207,17,3680,18,369,807,2.186991869918699,3.91597991414023,1282,0
0,1,0,4,1,0,0,0,1,0,0,0,117,16,1,0,0,1,0.1452991452991453,2,2857,38,291,3973,13.652920962199312,3.2479732663618313,270,0
0,0,0,3,2,1,0,0,3,0,0,0,129,19,1,0,0,1,0.07751937984496124,3,31060,65,344,4296,12.488372093023257,2.7109631189953602,2070,0
0,2,1,4,1,0,0,0,0,0,0,0,125,15,0,0,0,1,0.144,5,66417,452,2668,8850,3.317091454272864,3.611510887126667,2164,0
0,0,0,2,1,0,0,0,1,0,0,1,93,15,0,0,1,0,0.06451612903225806,2,3741,3,780,427,0.5474358974358975,2.789580712164496,1956,0
0,1,0,3,0,0,0,0,0,0,0,0,81,11,0,0,0,1,0.09876543209876543,12,251304,10711,417,562165,1348.1175059952038,2.680335513414654,2614,1
0,0,0,5,1,0,0,0,1,0,0,0,87,14,1,0,0,1,0.09195402298850575,2,12088,34,421,947,2.2494061757719717,2.9772662124273386,1316,1
0,2,1,3,1,0,0,0,0,0,0,0,136,15,1,0,0,1,0.10294117647058823,23,39262,2938,973,141852,145.78828365878726,2.6580113966572076,2119,1
0,1,0,3,1,0,0,0,0,0,0,0,86,9,0,1,0,1,0.19767441860465115,2,32108,658,1337,17792,13.307404637247569,1.4623979979004536,2021,0
0,0,0,5,0,0,0,1,2,0,0,0,140,27,0,0,0,1,0.04285714285714286,2,12451,7,589,649,1.101867572156197,3.9292656182530705,2060,0
0,1,1,3,0,0,0,0,1,0,0,0,102,16,3,0,0,1,0.08823529411764706,5,19043,30,2000,1112,0.556,2.432969290874566,2003,0
0,1,1,5,0,0,0,0,1,0,0,0,132,20,0,0,0,1,0.05303030303030303,39,8291,132,553,3047,5.509945750452079,1.3802112417134156,2069,0
0,1,1,6,2,0,0,0,1,0,0,0,125,15,1,0,0,1,0.112,2,8656,27,653,1914,2.9310872894333846,2.342422680822404,2061,0
0,2,1,6,0,0,0,1,1,0,0,0,117,15,0,0,0,1,0.11965811965811966,95,31907,4374,11228,244032,21.734235838973994,2.7387805584844482,2791,0
0,0,0,2,0,0,0,1,0,0,0,0,134,21,2,0,0,0,0.1417910447761194,3,22595,375,946,11226,11.866807610993657,2.305351369446839,2075,1
0,1,0,3,1,0,0,0,0,0,0,2,123,18,0,0,1,1,0.21138211382113822,4,694,9,353,198,0.5609065155807366,1.000000000004343,2112,0
0,2,1,3,0,0,0,0,0,0,0,0,111,14,0,0,0,1,0.1891891891891892,3,6351,32,1080,1126,1.0425925925925925,1.7558748556732533,1546,0
0,0,0,3,2,1,0,0,1,1,0,0,140,21,0,1,1,0,0.12142857142857143,3,3702,40,474,3664,7.729957805907173,0.6989700043447047,771,0
0,2,1,5,1,0,0,0,0,0,0,0,135,14,3,0,0,1,0.15555555555555556,11,5218,49,382,5283,13.829842931937172,3.5536403362313664,404,0
0,1,1,2,0,0,0,0,0,0,0,0,57,5,3,0,0,1,0.12280701754385964,2,1745,2,42,31,0.7380952380952381,2.212187604404224,208,0
0,0,0,3,2,0,0,0,2,0,0,0,111,14,3,0,0,1,0.15315315315315314,16,62288,2199,420,113910,271.2142857142857,1.1760912590585766,2370,1
0,0,0,0,0,0,0,0,4,1,0,0,115,22,0,1,0,1,0.06086956521739131,2,14458,21,974,806,0.8275154004106776,2.096910013008404,1937,0
0,1,0,4,0,0,0,0,0,0,0,0,69,8,0,0,0,1,0.15942028985507245,31,62655,13996,3625,2064668,569.5635862068965,3.4917817755841796,2566,1
0,0,0,5,0,0,0,0,0,0,0,1,90,13,1,0,0,0,0.07777777777777778,2,2503,9,144,258,1.7916666666666667,2.605305046141217,2027,0
0,2,1,4,0,0,0,0,1,0,0,0,100,11,0,1,0,1,0.1,29,24783,2923,8371,116775,13.949946242981722,2.3283796034389415,2237,1
0,0,0,5,0,0,0,2,1,2,0,0,135,26,0,0,0,1,0.1111111111111111,22,8507,88,1098,3869,3.52367941712204,2.8457180179667207,1031,1
0,0,0,2,0,0,1,0,1,0,0,0,52,6,0,1,1,0,0.07692307692307693,12,146569,494,1655,42977,25.96797583081571,3.2929202996000284,2111,0
0,1,0,3,0,0,0,0,0,0,0,0,109,13,3,0,0,1,0.1559633027522936,28,62278,2199,420,113884,271.15238095238095,1.1760912590585766,2370,1
0,1,0,6,0,0,0,1,1,0,0,0,124,19,1,0,0,1,0.07258064516129033,5,20560,596,812,17276,21.275862068965516,2.903089986991998,2065,1
0,0,0,2,2,0,1,1,1,0,0,2,130,21,0,0,1,0,0.038461538461538464,5,9930,17,2001,1162,0.5807096451774113,3.5240064455573856,575,0
0,1,1,6,0,0,0,0,2,0,0,0,130,20,0,0,0,1,0.06153846153846154,7,8294,132,553,3050,5.5153707052441225,1.3802112417134156,2069,0
0,1,0,3,1,0,1,0,0,0,0,0,114,18,3,0,0,1,0.07894736842105263,2,39731,22,1923,1708,0.8881955278211129,3.8402943316114424,1391,0
0,0,0,8,0,0,0,0,4,0,0,0,135,24,2,0,0,1,0.037037037037037035,11,8482,90,2733,3575,1.3080863519941457,3.071513805095126,2117,1
0,0,0,3,0,2,0,0,2,0,0,2,133,22,1,0,0,1,0.045112781954887216,3,11946,25,998,788,0.7895791583166333,2.869231719731035,2130,0
0,1,0,3,0,0,0,0,0,0,0,0,81,10,1,0,0,1,0.12345679012345678,2,31860,490,67,13995,208.88059701492537,1.2552725051057187,2092,0
0,1,1,1,2,0,0,0,0,0,0,0,83,8,2,0,0,1,0.24096385542168675,3,5257,31,608,2481,4.0805921052631575,3.0802656273398807,963,0
0,0,0,3,0,0,1,0,4,0,0,0,135,22,0,1,0,1,0.05925925925925926,30,40124,243,978,8359,8.547034764826176,4.607015144380191,2073,0
0,1,0,3,0,0,0,0,0,0,0,0,108,13,2,0,0,1,0.14814814814814814,70,78100,1918,1980,156090,78.83333333333333,1.7323937598237729,2466,1
0,1,1,3,1,0,0,0,0,0,0,1,129,18,1,0,1,1,0.20930232558139536,34,10746,32,197,4608,23.390862944162436,1.079181246051244,1552,0
0,0,0,1,1,0,0,0,2,0,0,0,84,12,1,0,0,1,0.08333333333333333,6,39268,2938,973,141882,145.8191161356629,2.6580113966572076,2119,1
0,0,0,2,0,0,0,0,2,0,0,0,78,12,0,0,0,1,0.0641025641025641,64,84117,5315,367,659271,1796.3787465940054,0.9030899869973723,2106,1
0,0,0,3,0,0,0,0,1,0,0,1,140,19,2,0,0,1,0.04285714285714286,17,307,19,1068,870,0.8146067415730337,2.4955443375465873,2097,0
0,7,0,3,0,0,0,0,2,0,0,0,131,18,0,0,0,1,0.061068702290076333,5,1758,49,14,3754,268.14285714285717,2.5490032620259107,637,0
0,1,0,4,1,0,0,0,0,0,0,0,101,11,0,0,0,1,0.0594059405940594,3,115316,2269,2805,122060,43.515151515151516,2.806858029518885,1285,1
0,1,1,4,0,0,0,1,1,0,0,0,98,13,2,0,0,1,0.1836734693877551,11,66429,451,2668,8852,3.31784107946027,3.611510887126667,2165,0
0,0,0,1,0,1,1,0,2,0,0,1,122,24,0,1,0,0,0.03278688524590164,49,18202,168,843,3141,3.7259786476868326,3.323045735481722,2007,0
0,2,1,4,1,0,0,0,1,0,0,0,121,14,0,1,1,1,0.10743801652892562,5,3276,34,432,668,1.5462962962962963,2.4899584794249754,1965,0
0,0,0,3,0,0,0,0,1,0,0,0,69,12,2,0,0,1,0.10144927536231885,5,4206,150,13850,16872,1.2181949458483754,2.385606273598491,1633,0
0,2,1,4,0,0,0,0,0,0,0,0,115,13,0,0,0,1,0.09565217391304348,70,84107,5315,367,658980,1795.5858310626702,0.9030899869973723,2106,1
0,1,0,4,0,0,0,0,1,0,0,0,78,10,0,1,0,1,0.0641025641025641,5,67325,1653,11997,143909,11.995415520546803,2.0718820073064936,2051,1
0,0,0,3,0,0,0,0,1,0,0,1,101,17,1,0,0,1,0.04950495049504951,2,550,0,8,4,0.5,-10.0,922,0
0,1,0,7,0,0,0,0,1,0,0,0,116,17,0,0,0,1,0.0603448275862069,2,19215,160,413,4881,11.818401937046005,0.30102999568569594,1952,0
0,2,1,3,0,0,0,0,0,0,0,1,139,18,0,0,0,1,0.11510791366906475,40,78100,1918,1980,156090,78.83333333333333,1.7323937598237729,2466,1
0,0,0,5,1,0,0,0,1,0,0,0,123,18,0,0,0,1,0.10569105691056911,2,2678,25,1111,1069,0.9621962196219622,2.724275869600871,1291,0
0,0,0,3,2,0,1,1,0,0,0,0,109,17,0,0,0,1,0.11926605504587157,5,3722,38,474,3680,7.763713080168777,0.6989700043447047,771,0
0,0,0,4,0,0,0,0,1,0,0,0,104,16,0,0,0,0,0.028846153846153848,3,9467,1,308,345,1.12012987012987,4.055148889889398,622,0
0,1,0,4,0,0,0,0,2,0,0,0,135,21,0,0,0,1,0.08888888888888889,5,8357,77,1040,3772,3.626923076923077,2.1522883443833623,827,1
0,1,1,4,0,1,0,0,0,0,0,0,130,18,2,0,1,1,0.16923076923076924,6,5687,142,1452,10003,6.889118457300276,3.3716219271760397,1932,0
0,1,0,3,0,0,0,0,1,0,0,0,80,11,0,1,0,1,0.0625,2,5389,324,2674,6757,2.5269259536275244,2.8463371121298673,1827,0
0,0,0,3,0,1,0,0,0,0,0,0,67,10,0,1,0,1,0.05970149253731343,3,64702,90,2243,2321,1.0347748551047704,4.049024097915053,2218,0
0,2,0,3,1,0,0,0,0,0,0,1,136,17,1,0,0,1,0.11029411764705882,19,62273,2199,420,113875,271.1309523809524,1.1760912590585766,2370,1
0,1,0,4,2,0,0,0,3,0,0,0,140,17,0,0,0,1,0.15714285714285714,7,16221,754,1951,97186,49.81342901076371,3.353531559077781,2443,0
0,0,0,3,1,0,0,0,0,0,0,0,95,15,0,0,0,1,0.10526315789473684,2,40708,65,1162,1720,1.4802065404475042,-10.0,2084,0
0,1,0,4,4,1,0,0,0,0,0,0,132,15,0,0,0,1,0.18181818181818182,2,1884,88,803,1782,2.219178082191781,2.1172712956560957,2027,0
0,0,0,4,1,0,0,0,2,0,0,0,112,18,0,0,0,1,0.05357142857142857,2,107158,17,1980,2192,1.107070707070707,3.969322706112207,1038,0
0,0,0,3,2,1,0,0,1,0,0,0,107,18,0,0,0,0,0.14018691588785046,3,3687,1,610,188,0.3081967213114754,2.334453751151132,1590,0
0,1,0,2,0,0,0,0,0,0,0,0,96,11,2,0,0,1,0.17708333333333334,6,78122,1919,1980,156152,78.86464646464647,1.7323937598237729,2466,1
0,1,0,3,0,0,0,0,0,0,0,0,85,11,0,0,0,1,0.09411764705882353,7,251318,10712,417,562282,1348.3980815347722,2.6812412373756778,2614,1
0,2,1,4,0,0,0,0,1,0,0,0,105,11,1,0,0,1,0.11428571428571428,14,48712,2572,103,153126,1486.6601941747572,2.7442929831227545,2168,0
0,1,0,1,0,1,0,0,1,0,0,0,114,17,4,1,0,1,0.03508771929824561,3,169,0,294,100,0.3401360544217687,-10.0,1281,0
0,0,0,2,0,1,0,0,1,0,0,1,66,13,0,0,0,0,0.0,15,20533,596,812,17276,21.275862068965516,2.901458321396167,2064,1
0,2,0,5,0,1,1,1,2,0,0,0,136,23,0,1,0,1,0.0661764705882353,2,64725,165,1671,4673,2.796529024536206,3.9169800473203873,2052,1
0,2,1,5,0,1,1,0,1,0,0,0,138,20,0,1,1,1,0.10144927536231885,50,39249,2938,973,141824,145.75950668036998,2.6570558528571997,2119,1
0,2,1,6,2,0,0,0,2,0,0,1,140,16,0,0,0,1,0.15,11,3702,40,474,3664,7.729957805907173,0.6989700043447047,771,0
0,1,0,2,1,2,1,0,0,0,0,0,131,19,3,0,1,1,0.6793893129770993,2,5231,48,383,5284,13.796344647519582,3.5550944485783313,405,0
0,2,1,2,0,0,0,0,0,0,0,0,120,13,2,0,0,1,0.225,30,39269,2939,973,141893,145.83042137718397,2.6580113966572076,2119,1
0,1,0,2,0,0,0,0,0,0,0,0,138,20,0,0,0,1,0.06521739130434782,4,18960,7,227,149,0.6563876651982379,3.2697463731307903,2037,0
0,0,0,2,2,0,0,0,1,0,0,1,96,15,2,0,1,0,0.0625,2,9928,17,2001,1160,0.5797101449275363,3.5238764756381444,574,0
0,1,1,6,0,0,0,0,1,0,0,0,121,16,0,1,0,1,0.0743801652892562,4,1883,275,3713,8214,2.2122273094532723,1.9395192526191176,1658,0
0,1,0,1,1,0,0,0,0,0,0,0,54,6,0,1,0,1,0.1111111111111111,12,145,13,272,135,0.4963235294117647,0.30102999568569594,909,0
0,0,0,4,0,0,0,0,1,0,0,0,99,17,0,0,0,1,0.04040404040404041,3,13393,185,1622,15867,9.782367447595561,1.3802112417134156,1959,0
0,0,0,5,1,1,1,0,1,0,0,0,137,23,2,0,0,1,0.1897810218978102,3,311,1,308,194,0.6298701298701299,1.7160033436356343,1088,0
0,1,0,4,0,0,0,0,2,0,0,0,125,15,2,0,0,1,0.144,13,78123,1919,1980,156153,78.86515151515151,1.7323937598237729,2466,1
0,1,0,4,0,0,0,0,0,0,0,0,105,13,2,0,0,1,0.09523809523809523,2,2595,44,269,5018,18.654275092936803,4.342945178152237e-11,916,0
0,0,0,5,0,0,0,1,3,0,0,0,136,24,3,0,1,1,0.058823529411764705,2,3401,131,2407,4543,1.8874117158288326,2.5820633629118226,1450,0
0,1,0,3,0,0,0,0,0,0,0,0,96,11,2,0,0,1,0.1875,7,62290,2199,420,113914,271.2238095238095,1.1760912590585766,2370,1
0,1,0,4,1,0,0,0,1,0,0,0,90,11,2,1,0,1,0.07777777777777778,2,46606,1249,224,59597,266.0580357142857,0.9542425094441503,2085,0
0,0,0,2,0,1,0,0,1,0,0,0,61,10,2,0,0,1,0.06557377049180328,2,9788,43,463,811,1.7516198704103672,3.330616667294459,2049,0
0,0,0,1,0,0,0,0,1,0,0,0,66,10,1,0,1,1,0.09090909090909091,12,21500,142,215,32054,149.08837209302325,4.132323740040994,608,1
0,2,1,4,1,0,0,0,1,0,0,0,121,14,0,1,0,1,0.12396694214876033,33,92383,9783,1978,664940,336.16784630940344,3.340444114840138,2715,1
0,0,0,3,0,0,0,0,2,0,0,0,107,16,1,0,0,0,0.07476635514018691,3,1724,11,785,725,0.9235668789808917,2.8686444383948846,2129,0
0,0,0,5,0,4,0,0,3,0,0,0,129,25,0,0,0,1,0.046511627906976744,3,34481,41,721,1170,1.622746185852982,3.793301353613122,1154,0
0,0,0,3,0,0,0,0,1,0,0,0,100,18,1,0,0,0,0.09,2,64721,165,1670,4670,2.7964071856287425,3.9169800473203873,2052,1
0,0,0,3,0,0,0,1,1,0,0,0,141,25,0,1,0,0,0.03546099290780142,13,1020,11,481,241,0.501039501039501,1.7558748556732533,2425,0
0,1,0,4,0,0,0,0,1,0,0,1,116,17,1,0,0,1,0.11206896551724138,12,26064,292,1067,23142,21.68884723523899,4.134272756620632,984,1
0,1,1,3,0,0,0,0,0,0,0,0,132,20,1,0,0,1,0.07575757575757576,13,3281,70,991,1656,1.6710393541876891,1.6901960800294,2159,0
0,1,0,5,0,0,0,1,0,0,0,0,128,18,0,0,0,1,0.0625,48,16742,567,8780,35131,4.00125284738041,2.7299742856996367,2086,1
0,1,1,4,2,1,0,0,0,0,0,0,115,16,1,0,1,1,0.1391304347826087,6,32768,117,256,4475,17.48046875,3.387033701282381,1782,0
0,2,1,4,0,0,1,0,0,0,0,0,126,16,0,1,0,1,0.11904761904761904,3,15831,168,16746,16895,1.0088976471993312,2.053078443483804,1874,0
0,1,0,2,0,0,0,0,0,0,0,0,90,11,0,0,0,1,0.1,2,49351,15,184,569,3.092391304347826,2.6589648426645303,1384,0
0,0,0,4,2,0,0,0,1,0,0,2,119,17,0,1,1,1,0.226890756302521,6,3702,40,474,3664,7.729957805907173,0.6989700043447047,771,0
0,2,1,3,0,0,0,0,0,0,0,0,88,9,0,0,0,1,0.09090909090909091,54,51061,855,1151,44178,38.382276281494356,2.2148438480479626,2445,1
0,0,0,3,1,0,0,0,2,0,0,0,110,17,0,0,0,1,0.09090909090909091,2,29535,219,797,4655,5.840652446675032,2.149219112655688,2622,1
0,1,0,6,2,0,0,1,2,0,0,0,138,21,0,0,0,1,0.057971014492753624,3,3680,18,369,807,2.186991869918699,3.91597991414023,1282,0
0,1,1,3,1,0,0,0,1,0,0,0,108,14,5,0,0,1,0.037037037037037035,8,45,0,167,25,0.1497005988023952,1.7993405494542711,12,0
0,1,0,5,0,0,0,0,2,0,0,0,108,15,0,0,0,1,0.05555555555555555,6,24791,2924,8372,116852,13.957477305303392,2.3283796034389415,2238,1
0,2,1,5,0,0,0,0,0,0,0,0,90,9,0,1,0,1,0.12222222222222222,6,69146,1266,297,92488,311.4074074074074,2.3074960379134266,2059,1
0,0,0,4,0,0,0,1,3,0,0,0,140,21,2,0,0,1,0.04285714285714286,2,60410,71,2028,2053,1.01232741617357,-10.0,1999,0
0,1,0,1,0,0,0,0,1,0,0,0,84,10,0,0,0,1,0.25,18,48721,2572,103,153174,1487.126213592233,2.7442929831227545,2168,0
0,0,0,0,0,0,0,0,0,0,0,0,34,5,0,0,1,0,0.14705882352941177,2,15462,11,1985,1639,0.8256926952141058,3.298416380061316,1481,0
0,0,0,3,2,0,0,0,2,0,0,0,111,14,3,0,0,1,0.15315315315315314,13,78117,1918,1980,156142,78.85959595959596,1.7323937598237729,2466,1
0,1,1,6,1,0,0,1,1,0,0,0,130,20,0,0,0,1,0.16153846153846155,7,10744,25,509,577,1.1335952848722985,3.2780673308886854,2019,0
0,0,0,3,3,0,1,1,0,0,0,0,126,18,0,0,0,1,0.1349206349206349,2,417,2,107,511,4.775700934579439,2.5224442335064503,107,0
0,1,0,4,0,0,0,0,2,0,0,0,100,14,0,0,0,1,0.06,5,51070,855,1151,44188,38.390964378801044,2.2148438480479626,2445,1
0,1,0,4,1,0,0,0,1,0,0,0,95,13,0,0,0,1,0.14736842105263157,3,8673,233,1417,11641,8.215243472124206,2.806179973983955,1300,0
0,2,1,3,0,0,0,0,0,0,0,0,99,10,0,0,0,1,0.13131313131313133,26,92406,9782,1978,665484,336.4428715874621,3.340444114840138,2715,1
0,0,0,4,0,1,0,0,1,0,0,0,136,26,2,0,1,1,0.051470588235294115,5,688,0,477,182,0.38155136268343814,2.456366033129195,908,0
0,0,0,2,0,0,0,0,2,0,0,0,74,13,1,0,0,0,0.05405405405405406,2,3280,70,989,1654,1.672396359959555,1.6901960800294,2159,0
0,1,1,3,1,0,0,0,1,0,0,0,132,19,4,0,0,1,0.07575757575757576,23,48,0,167,25,0.1497005988023952,1.7993405494542711,12,0
0,0,0,4,1,0,0,0,4,0,0,0,135,26,1,1,0,1,0.05185185185185185,2,4678,9,275,424,1.5418181818181818,3.3989810666581484,1933,0
0,0,0,3,0,1,0,0,3,0,0,1,140,22,1,0,0,1,0.06428571428571428,3,13048,23,334,357,1.0688622754491017,1.1461280356813401,1590,0
0,0,0,6,0,1,0,1,3,0,0,0,104,19,0,0,0,1,0.057692307692307696,4,54161,1310,726,32148,44.28099173553719,2.571708831808804,1768,0
0,1,1,4,1,1,0,0,1,0,0,0,135,19,2,1,0,1,0.0962962962962963,10,6395,183,985,7860,7.979695431472082,3.3049211619009133,2090,0
0,1,0,2,1,0,0,2,1,0,0,0,130,17,0,0,0,1,0.13076923076923078,23,5247,31,608,2476,4.072368421052632,3.0788191830988847,963,0
0,1,0,2,0,0,0,0,0,0,0,0,89,12,0,0,0,1,0.12359550561797752,2,51075,854,1151,44199,38.4005212858384,2.2148438480479626,2445,1
0,1,1,4,0,0,0,1,1,0,0,1,136,21,0,0,1,1,0.051470588235294115,12,8295,132,553,3050,5.5153707052441225,1.3802112417134156,2069,0
0,0,0,3,1,0,0,1,2,0,0,0,140,20,0,0,1,1,0.3357142857142857,3,3702,40,474,3664,7.729957805907173,0.6989700043447047,771,0
0,0,0,1,0,0,1,0,0,0,1,0,84,15,0,0,0,1,0.03571428571428571,10,17045,116,825,2584,3.1321212121212123,3.1445742076096477,2083,1
0,0,0,3,0,2,0,0,2,0,0,0,77,14,1,0,0,1,0.06493506493506493,2,5178,381,300,8773,29.243333333333332,4.342945178152237e-11,2016,0
0,2,1,4,0,0,0,0,1,0,0,0,100,11,2,1,0,1,0.13,6,3990,83,1821,2692,1.4783086216364634,1.000000000004343,2072,1
0,1,0,3,0,0,0,0,0,0,0,1,83,11,0,1,1,1,0.2289156626506024,3,2082,37,1823,1735,0.9517279210093252,3.058805486675945,588,0
0,0,0,1,0,1,0,0,2,0,0,1,59,13,0,1,0,1,0.05084745762711865,3,7987,0,318,342,1.0754716981132075,3.0704073217401566,1288,0
0,0,0,0,0,0,2,0,0,0,0,0,72,13,1,0,0,1,0.08333333333333333,2,7497,2,346,3930,11.358381502890174,3.3042750504771496,1156,0
0,2,1,4,0,0,0,0,1,0,0,0,106,12,0,0,0,1,0.08490566037735849,11,50820,2001,340,178509,525.0264705882353,0.9030899869973723,1480,1
0,0,0,3,1,1,0,0,3,0,0,0,99,16,0,0,0,1,0.020202020202020204,234,16742,567,8780,35131,4.00125284738041,2.7299742856996367,2085,1
0,0,0,5,0,0,0,1,2,0,0,0,128,21,0,0,0,1,0.09375,10,12609,106,812,1849,2.2770935960591134,2.9947569445876723,2358,0
0,0,0,1,0,0,0,0,0,0,0,1,69,10,3,0,0,1,0.07246376811594203,3,10175,15,1731,771,0.44540727902946275,2.546542663478254,2063,0
0,0,0,1,0,0,0,1,0,0,0,0,45,8,0,0,0,1,0.06666666666666667,2,3756,0,411,202,0.49148418491484186,3.516270882729353,1984,0
0,0,0,4,0,0,0,2,0,0,0,0,88,17,0,0,0,1,0.045454545454545456,2,47116,43,896,2999,3.3470982142857144,2.748188027006278,1660,0
0,0,0,4,2,0,0,1,1,0,0,0,107,18,0,0,0,1,0.11214953271028037,2,3702,40,474,3664,7.729957805907173,0.6989700043447047,771,0
0,0,0,0,0,0,0,0,0,0,0,0,39,6,0,0,0,1,0.1794871794871795,3,11001,9,1203,779,0.6475477971737323,3.7674527180977804,552,0
0,1,0,4,1,0,0,1,0,0,0,0,138,20,0,0,0,1,0.09420289855072464,2,8895,231,385,28842,74.91428571428571,2.4800069429572944,1770,0
0,1,0,5,0,0,0,0,1,0,0,0,103,13,0,0,0,1,0.08737864077669903,42,16759,1748,2709,46401,17.12846068660022,-10.0,1343,1
0,2,1,2,0,0,0,0,1,0,0,0,129,15,3,1,0,1,0.4573643410852713,5,6647,58,2967,2813,0.9480957195820694,2.4065401804341255,622,0
0,1,0,1,0,0,0,0,1,0,0,0,105,12,1,0,0,1,0.11428571428571428,2,165567,429,14064,18721,1.3311291240045506,2.4608978427566983,1373,0
0,1,0,5,2,0,0,1,1,0,0,0,148,20,0,0,1,1,0.07432432432432433,5,53682,35,541,549,1.0147874306839186,4.421636826720756,412,0
0,2,1,2,0,0,0,1,1,0,0,0,134,13,4,0,0,1,0.13432835820895522,19,64854,1413,450,67371,149.71333333333334,1.9590413923215708,2546,0
0,1,0,2,0,1,0,0,0,0,1,0,99,16,0,0,0,1,0.09090909090909091,8,84580,1054,1112,21124,18.996402877697843,4.642137934655782,971,0
0,1,0,2,0,0,0,0,0,0,0,0,112,15,0,0,0,1,0.13392857142857142,5,5913,15,470,923,1.9638297872340424,1.6627578316825182,700,0
0,1,0,2,0,0,0,0,1,0,0,0,104,11,5,0,0,1,0.11538461538461539,2,6050,13,1033,345,0.3339787028073572,3.4405942618398466,1172,0
0,1,0,6,0,0,0,0,0,0,0,0,117,15,0,1,0,1,0.1794871794871795,7,90898,137,3732,69353,18.583333333333332,4.168674229567083,1374,0
0,1,0,2,2,1,0,0,2,0,0,0,100,11,0,1,0,1,0.15,4,7397,808,987,11235,11.382978723404255,2.8488047010518653,1943,0
0,1,0,3,1,0,0,0,1,0,0,0,137,18,1,1,1,1,0.1678832116788321,5,19002,42,5103,5011,0.9819713893787968,3.623662707356215,554,0
0,2,1,5,1,0,0,0,0,0,0,0,135,13,4,0,0,1,0.13333333333333333,2,10921,13,1249,581,0.46517213771016813,4.035589817243461,846,0
0,1,0,6,0,0,0,0,2,0,0,0,129,17,1,0,0,1,0.09302325581395349,21,21213,516,804,6885,8.563432835820896,2.8645110810584513,2233,0
0,2,1,6,0,0,0,0,0,0,0,0,139,16,1,0,0,1,0.07913669064748201,2,8281,96,580,1862,3.2103448275862068,2.3463529744508342,2135,1
0,2,1,3,0,0,0,0,0,0,0,0,139,16,3,0,0,1,0.1223021582733813,3,13233,118,2680,4516,1.6850746268656716,3.2052043639481718,2083,0
0,0,0,5,0,0,0,1,2,0,0,0,130,20,1,0,0,1,0.05384615384615385,4,3934,5,1185,714,0.6025316455696202,1.9493900066454009,2112,0
0,0,0,2,0,0,0,0,1,0,0,0,75,10,1,0,0,1,0.02666666666666667,2,1171,5,56,321,5.732142857142857,2.0043213737830725,1055,0
0,1,0,3,1,0,0,1,0,0,0,0,138,18,0,0,0,1,0.08695652173913043,12,26705,215,2928,4528,1.546448087431694,2.378397900948319,2036,0
0,1,0,5,0,0,1,1,2,0,0,0,121,18,0,1,0,1,0.08264462809917356,4,15411,128,1003,1864,1.8584247258225324,2.7193312869838095,1825,0
0,2,0,4,0,0,0,0,0,0,0,0,121,14,0,0,0,1,0.1322314049586777,12,479178,1765,9415,43726,4.64429102496017,1.8450980400148773,2447,0
0,1,0,4,0,0,0,1,2,0,0,2,139,19,1,1,0,1,0.050359712230215826,36,22958,1661,250,38984,155.936,-10.0,2517,1
0,1,1,4,0,0,0,0,0,0,0,0,144,19,1,1,0,1,0.05555555555555555,109,84983,97,3511,4312,1.2281401310168043,4.544688022302679,830,0
0,0,0,4,0,0,0,2,4,0,0,0,134,24,1,0,0,1,0.029850746268656716,2,33579,262,589,8626,14.64516129032258,3.758911892397981,2063,0
0,2,0,3,0,0,0,0,3,0,0,0,137,13,0,0,0,1,0.15328467153284672,4,175088,19,522,613,1.1743295019157087,0.6020599913388197,1234,0
0,2,1,5,1,1,0,0,1,0,0,0,134,16,3,0,0,1,0.08955223880597014,48,13233,118,2680,4516,1.6850746268656716,3.2052043639481718,2084,0
0,1,0,2,0,0,0,0,0,0,0,0,98,13,0,0,0,1,0.16326530612244897,7,36181,63,4703,5076,1.0793110780352966,3.697665162647683,1473,0
0,2,1,5,0,0,0,0,0,0,0,1,140,14,4,1,0,1,0.2,7,13233,118,2680,4516,1.6850746268656716,3.2052043639481718,2084,0
0,1,0,1,0,0,0,0,1,0,0,0,99,12,1,0,0,1,0.12121212121212122,6,544431,873,24025,25179,1.0480332986472425,2.0043213737830725,2169,0
0,2,1,3,2,0,0,0,0,0,0,1,138,18,1,0,0,1,0.15217391304347827,68,27861,496,19605,20968,1.0695230808467229,4.344431574574864,2211,0
0,1,0,4,0,0,0,0,2,0,0,0,107,17,0,0,0,1,0.14953271028037382,5,15203,372,1425,6516,4.572631578947369,1.6334684555805965,1979,0
0,1,0,2,0,0,0,0,0,0,0,0,139,17,4,0,0,1,0.1223021582733813,2,38581,184,9913,9925,1.0012105316251387,3.051923916046145,1823,0
0,1,0,5,0,0,0,0,0,0,0,0,137,18,0,1,0,1,0.16058394160583941,3,2038,6,609,225,0.3694581280788177,1.5910646070276129,166,0
0,1,1,4,0,0,0,1,0,0,0,1,142,21,2,0,0,1,0.056338028169014086,29,11648,108,979,2357,2.40755873340143,2.385606273598491,1496,0
0,2,1,7,0,0,0,1,1,0,0,0,137,16,0,0,0,1,0.051094890510948905,67,132618,8318,2351,937432,398.73755848575075,2.6884198220027997,2433,1
0,1,0,2,1,0,0,0,0,0,0,0,103,13,0,1,0,1,0.11650485436893204,11,29946,489,487,7206,14.796714579055442,3.239549720840498,1841,0
0,0,0,4,0,0,0,2,1,0,0,1,144,24,1,1,1,0,0.027777777777777776,7,17322,58,140,2688,19.2,2.771587480881329,308,0
0,0,0,7,0,0,0,2,2,0,0,1,139,24,2,1,0,1,0.05755395683453238,10,3527,26,1217,748,0.6146261298274446,1.4313637641605959,982,0
0,1,0,4,0,0,0,0,3,0,0,0,124,17,0,0,0,1,0.06451612903225806,5,38574,416,3756,7479,1.9912140575079873,3.7276225779691456,3021,0
0,1,0,1,0,1,0,0,1,0,0,0,41,5,0,0,1,1,0.14634146341463414,3,7393,236,716,10920,15.251396648044693,2.7250945210815507,1134,0
0,0,0,4,0,0,0,0,1,0,0,1,138,22,0,0,0,1,0.043478260869565216,4,16386,20,598,647,1.0819397993311037,1.6127838567207948,340,0
0,1,0,2,1,0,0,1,1,0,0,0,104,14,0,1,0,1,0.07692307692307693,3,38298,30,1378,1437,1.0428156748911466,3.699230502883418,616,0
0,0,0,5,0,0,0,0,2,0,0,0,132,19,0,0,0,1,0.03787878787878788,10,75900,49,963,739,0.7673935617860852,3.2769211320657967,1408,0
0,2,1,3,0,0,0,0,1,0,0,0,124,12,0,0,0,1,0.11290322580645161,194,49159,6237,161,425733,2644.304347826087,1.041392685162173,2659,1
0,2,1,2,1,0,0,0,0,0,0,0,120,12,4,1,0,1,0.11666666666666667,4,9717,63,972,1485,1.5277777777777777,3.2909245593827765,705,0
0,1,0,8,0,0,0,0,1,0,0,0,139,19,5,0,0,1,0.11510791366906475,3,6201,5,107,164,1.5327102803738317,0.6020599913388197,2322,0
0,1,0,2,0,0,0,0,2,0,0,0,136,18,0,0,0,1,0.08823529411764706,2,60441,71,813,2977,3.6617466174661746,4.337279516037943,1124,0
0,1,0,2,1,0,0,0,2,0,0,0,139,21,2,0,0,1,0.05755395683453238,5,2399,23,205,524,2.55609756097561,1.8864907251730458,251,0
0,1,0,3,0,0,0,0,0,0,0,0,116,16,3,0,0,1,0.13793103448275862,5,479177,1765,9415,43726,4.64429102496017,1.8450980400148773,2447,0
0,0,0,2,0,0,0,0,0,0,0,0,139,23,2,1,0,1,0.02877697841726619,5,2185,14,2,13,6.5,0.30102999568569594,694,0
0,0,0,2,0,2,0,0,0,0,0,1,136,26,2,0,0,0,0.03676470588235294,4,827,2,393,128,0.3256997455470738,2.3729120029702906,163,0
0,1,0,5,0,0,0,0,2,0,0,0,78,11,0,1,0,1,0.08974358974358974,7,5789,49,127,810,6.377952755905512,2.1038037209562988,1530,0
0,0,0,0,0,0,0,0,0,0,0,0,40,7,0,1,1,0,0.05,2,86280,210,12725,12623,0.991984282907662,3.4151403521958894,1227,0
0,1,0,2,0,0,0,0,0,0,0,0,65,10,0,1,0,1,0.15384615384615385,4,62639,1050,241,21540,89.37759336099585,2.0606978403539893,2072,0
0,1,0,2,2,0,0,0,2,0,0,0,139,16,2,1,0,1,0.4676258992805755,6,32091,58,3757,3514,0.9353207346286931,4.235553695852758,196,0
0,2,1,3,1,0,0,0,1,0,0,0,122,11,0,1,0,1,0.06557377049180328,17,17388,575,808,98299,121.65717821782178,2.7050079593334218,2199,1
0,1,0,3,1,0,0,1,0,0,0,0,131,18,1,0,0,1,0.12213740458015267,2,108163,559,2981,7193,2.412948674941295,2.8739015978645193,1752,0
0,1,0,1,0,0,0,0,1,0,0,0,105,12,1,0,0,1,0.12380952380952381,2,81608,681,19153,22638,1.1819558293739885,4.342945178152237e-11,2094,0
0,0,0,4,0,0,0,2,2,0,0,0,140,18,0,0,0,0,0.04285714285714286,5,8878,146,878,3244,3.694760820045558,3.7075701760979447,2149,0
0,1,0,1,0,0,0,0,3,0,0,0,136,15,0,0,0,1,0.11764705882352941,2,17162,9,700,432,0.6171428571428571,-10.0,86,0
0,1,0,1,0,0,0,0,2,0,0,0,76,10,0,1,0,1,0.18421052631578946,3,19286,252,0,3372,3372.0,-10.0,1483,0
0,1,0,6,0,0,0,1,2,0,0,0,138,19,4,0,0,1,0.10144927536231885,10,44753,208,531,4950,9.322033898305085,3.5493711523331894,1641,0
0,1,0,5,0,0,0,0,1,0,0,0,113,15,0,0,0,1,0.061946902654867256,6,5913,15,470,923,1.9638297872340424,1.6627578316825182,700,0
0,1,0,1,0,0,0,0,0,0,0,1,111,15,4,0,0,1,0.10810810810810811,2,6050,13,1033,345,0.3339787028073572,3.4405942618398466,1172,0
0,0,0,2,1,0,0,0,1,0,0,0,96,15,1,0,0,1,0.07291666666666667,7,1245,0,32,13,0.40625,1.5314789170435326,526,0
0,1,1,6,0,0,0,1,0,0,0,1,142,21,2,0,0,1,0.07042253521126761,371,2399,23,205,524,2.55609756097561,1.8864907251730458,250,0
0,1,0,5,0,0,0,1,2,0,0,0,107,17,1,0,0,1,0.11214953271028037,3,8744,21,964,277,0.28734439834024894,3.2533380053261305,1745,0
0,2,1,7,2,0,0,0,0,0,0,0,140,14,0,0,0,1,0.07857142857142857,2,2214,25,1144,517,0.4519230769230769,3.638489256954647,232,0
0,1,0,1,0,0,0,0,0,0,0,0,140,16,3,0,0,1,0.08571428571428572,7,6201,5,107,164,1.5327102803738317,0.6020599913388197,2319,0
0,1,0,3,0,0,0,1,1,0,0,0,128,18,2,1,0,1,0.0546875,2,58712,111,12,1795,149.58333333333334,-10.0,1703,0
0,1,0,3,1,0,0,0,0,0,0,0,92,11,0,0,0,1,0.08695652173913043,2,18185,6,105,521,4.961904761904762,3.276691528845063,2039,0
0,0,0,4,0,0,0,1,0,0,0,0,142,21,0,0,0,1,0.04929577464788732,4,8878,146,878,3244,3.694760820045558,3.7075701760979447,2149,0
0,1,1,1,0,0,0,0,2,0,1,0,71,10,2,0,1,1,0.11267605633802817,3,314,11,95,427,4.494736842105263,2.281033367247955,125,0
0,0,0,6,0,0,0,0,0,0,0,0,127,21,0,0,0,1,0.05511811023622047,3,2038,6,609,225,0.3694581280788177,1.5910646070276129,167,0
0,1,1,5,0,1,0,2,1,0,0,0,129,19,3,0,0,1,0.06976744186046512,4,26517,33,2001,1229,0.6141929035482259,3.2516382204482364,2091,0
0,1,0,1,0,0,0,0,2,0,0,0,75,10,0,0,0,1,0.17333333333333334,2,219719,173,24369,23976,0.9838729533423612,1.5910646070276129,930,0
0,1,0,6,1,0,0,0,0,1,0,0,138,22,0,1,0,1,0.07246376811594203,14,4970,155,469,1937,4.130063965884862,3.000434077479362,904,1
0,1,0,4,0,0,0,1,3,0,0,2,140,22,0,0,0,1,0.05714285714285714,13,13693,2135,1496,45506,30.418449197860962,3.4199557484897745,1314,1
0,0,0,2,0,0,0,1,4,0,0,0,140,23,1,1,0,1,0.04285714285714286,8,17322,58,140,2688,19.2,2.771587480881329,307,0
0,1,0,1,0,0,0,0,1,0,0,0,51,6,0,1,0,1,0.1568627450980392,2,141704,612,33124,33688,1.0170269291148413,3.959232249051001,2108,0
0,1,0,6,0,0,0,2,0,0,0,0,108,14,3,0,0,1,0.09259259259259259,5,44753,208,531,4950,9.322033898305085,3.5493711523331894,1642,0
0,1,0,1,0,0,0,0,1,0,0,0,51,6,0,1,0,1,0.17647058823529413,2,141704,612,33124,33689,1.0170571187054704,3.959232249051001,2108,0
0,0,0,1,0,0,0,0,2,0,0,1,91,18,1,0,0,1,0.03296703296703297,8,9717,63,972,1485,1.5277777777777777,3.2909245593827765,704,0
0,2,1,6,0,0,0,0,1,0,0,0,134,16,0,0,0,1,0.08955223880597014,10,98760,1383,378,228132,603.5238095238095,1.47712125472111,2288,1
0,1,0,4,0,1,0,1,1,0,0,0,136,22,0,1,0,1,0.058823529411764705,45,12210,976,1050,16898,16.093333333333334,1.9956351945979887,730,0
0,2,1,3,0,0,0,0,1,0,0,0,72,5,1,1,0,1,0.125,8,63851,1361,2071,26370,12.732979237083535,2.045322978787049,2284,0
0,1,0,1,1,0,0,0,2,0,0,0,104,14,2,1,0,1,0.125,2,827,163,82,3840,46.829268292682926,4.342945178152237e-11,1040,0
0,1,0,1,1,0,0,0,2,0,0,0,106,14,2,1,0,1,0.1320754716981132,26,329,8,111,230,2.0720720720720722,4.342945178152237e-11,2238,0
0,1,0,2,0,0,0,1,2,0,0,0,115,17,0,1,0,1,0.20869565217391303,4,6836,13,1852,3797,2.050215982721382,1.1760912590585766,2072,0
0,1,0,3,0,0,0,0,2,0,0,0,96,12,2,1,0,1,0.125,7,25301,287,5762,20853,3.6190558833738287,3.2780673308886854,164,0
0,2,1,3,1,0,0,0,0,0,0,0,137,16,0,0,1,1,0.11678832116788321,69,74770,1514,388,136179,350.97680412371136,2.7686381012476886,1506,0
0,1,0,2,1,0,0,0,2,0,0,0,139,21,2,0,0,1,0.07913669064748201,7,11648,108,979,2357,2.40755873340143,2.385606273598491,1496,0
0,1,0,4,0,1,0,1,1,0,0,0,136,22,0,1,0,1,0.08088235294117647,6,47771,765,2242,8705,3.882694023193577,3.04099769242353,2287,0
0,2,1,5,1,0,0,1,0,0,0,0,140,17,2,0,0,1,0.09285714285714286,41,13233,118,2680,4516,1.6850746268656716,3.2052043639481718,2083,0
0,0,0,6,0,0,0,0,0,0,0,0,138,22,0,0,0,1,0.050724637681159424,10,24974,116,942,4150,4.40552016985138,2.623249290398004,2067,0
0,1,0,1,0,0,0,0,0,0,0,0,80,11,4,0,0,1,0.1125,2,6050,13,1033,345,0.3339787028073572,3.4405942618398466,1172,0
0,1,0,1,0,0,0,0,2,0,0,0,85,11,2,1,0,1,0.17647058823529413,3,58712,111,12,1794,149.5,-10.0,1702,0
0,1,0,6,0,1,0,1,0,0,0,0,131,19,2,0,0,1,0.05343511450381679,9,58712,111,12,1795,149.58333333333334,-10.0,1703,0
0,1,0,4,1,0,0,0,0,0,0,0,115,17,0,0,0,1,0.08695652173913043,2,3414,31,301,1324,4.398671096345515,2.89597473235912,606,0
0,1,0,3,0,0,0,0,0,0,0,0,124,16,4,0,0,1,0.12096774193548387,2,50809,89,5117,5175,1.0113347664647254,4.482945007748691,416,0
0,0,0,4,0,0,0,0,0,0,0,0,86,15,2,0,0,0,0.046511627906976744,8,2038,6,609,225,0.3694581280788177,1.5910646070276129,167,0
0,1,0,4,1,0,0,0,1,0,0,0,128,17,0,1,0,1,0.0859375,4,184334,594,11175,14471,1.2949440715883669,1.579783596617953,2332,0
0,1,0,1,1,1,0,0,1,0,0,0,113,16,0,0,0,1,0.08849557522123894,6,7112,32,1564,811,0.518542199488491,2.9513375187959663,1165,0
0,0,0,3,0,0,0,2,3,0,0,0,138,24,0,0,0,1,0.028985507246376812,4,16341,41,1998,898,0.4494494494494494,3.560743301054724,1186,0
0,1,0,3,0,0,0,0,0,0,0,0,66,9,0,1,0,1,0.13636363636363635,2,15728,58,470,1680,3.574468085106383,2.883093358575747,2864,0
0,1,0,1,0,0,0,0,3,0,0,0,105,11,1,0,0,1,0.11428571428571428,6,500787,1064,56765,70108,1.2350568131771338,2.678518379040205,1377,0
0,1,0,7,0,0,0,0,1,0,0,0,134,20,0,0,0,1,0.12686567164179105,11,69787,217,3187,2904,0.9112017571383747,3.154119525515877,2628,0
0,2,1,3,0,0,0,0,0,0,0,0,113,13,0,0,0,1,0.061946902654867256,17,15567,201,53,2096,39.54716981132076,2.777426822389384,1354,0
0,2,1,2,1,0,0,1,1,0,0,0,95,10,1,1,0,1,0.10526315789473684,3,17388,575,808,98299,121.65717821782178,2.7050079593334218,2199,1
0,1,0,2,0,0,0,1,1,0,0,0,106,14,2,1,0,1,0.0660377358490566,4,58712,111,12,1794,149.5,-10.0,1703,0
0,1,0,2,0,2,0,0,3,0,0,0,136,23,3,0,0,1,0.08823529411764706,38,8183,468,316,9171,29.022151898734176,2.6424645202422203,1432,0
0,2,1,6,0,0,0,1,1,0,0,0,117,16,0,0,0,1,0.08547008547008547,53,132617,8318,2351,937430,398.73670778392176,2.6884198220027997,2432,1
0,1,1,2,0,0,0,0,1,0,0,0,140,19,3,1,1,1,0.05714285714285714,6,17483,27,3952,3621,0.916244939271255,2.262451089730667,401,0
0,1,0,1,0,0,0,0,1,0,0,0,91,10,0,0,0,1,0.12087912087912088,13,212467,1637,68912,88514,1.2844497329928024,3.209783014848542,2344,0
0,1,0,4,0,0,0,0,2,0,0,0,86,14,0,0,0,1,0.16279069767441862,3,235899,366,21775,21139,0.9707921928817451,4.983179586510003,826,0
0,2,1,5,0,0,0,0,2,0,0,0,100,12,2,0,0,1,0.08,2,8857,187,1989,1761,0.8853695324283559,3.372359582524342,1149,0
0,2,1,6,1,0,0,1,1,0,0,1,140,16,0,0,0,1,0.09285714285714286,2,21279,21,1097,1372,1.2506836827711942,3.8200700343123324,1103,0
0,2,1,2,0,0,0,0,0,0,0,0,144,18,3,0,0,1,0.08333333333333333,32,13233,118,2680,4516,1.6850746268656716,3.2052043639481718,2083,0
0,1,0,1,1,0,0,0,1,0,0,0,74,8,0,1,0,1,0.0945945945945946,17,22427,172,660,4674,7.081818181818182,3.6662370958958137,1761,0
0,1,0,2,1,0,0,0,3,0,0,0,113,13,0,0,0,1,0.09734513274336283,2,6050,13,1033,345,0.3339787028073572,3.4405942618398466,1172,0
0,0,0,0,0,1,0,0,1,0,0,0,131,25,1,0,0,1,0.08396946564885496,11,2695,72,1388,11309,8.147694524495677,3.1492191126554108,2199,0
0,1,0,2,0,0,0,1,3,1,0,0,138,17,1,1,0,1,0.07971014492753623,7,171898,126,2580,11502,4.4581395348837205,4.6900719781611455,670,0
0,0,0,4,0,0,0,0,1,0,0,0,96,15,2,0,1,0,0.03125,3,282,0,63,18,0.2857142857142857,2.3598354823400776,1805,0
0,1,0,1,0,0,0,0,0,0,0,0,86,10,0,0,0,1,0.05813953488372093,46,132618,8318,2351,937431,398.73713313483626,2.6884198220027997,2432,1
0,2,0,4,1,0,0,0,0,0,0,0,139,19,0,0,0,1,0.10071942446043165,2,7060,191,246,2680,10.894308943089431,0.4771212547341389,1985,0
0,1,0,4,0,0,0,0,1,0,0,0,138,16,7,1,0,1,0.10144927536231885,5,13562,25,1281,745,0.5815768930523029,4.148849342959224,666,0
0,0,0,4,0,1,0,2,1,0,0,0,134,27,1,0,0,1,0.022388059701492536,22,1436,14,981,700,0.7135575942915392,2.534026106056262,1422,0
0,1,1,2,0,3,0,1,2,0,0,0,135,22,2,0,1,1,0.07407407407407407,40,126,1,124,52,0.41935483870967744,1.6901960800294,59,0
3,2,0,1,0,0,2,0,0,0,0,0,81,12,3,1,0,0,0.08641975308641975,2,472,0,302,66,0.2185430463576159,3.8524189929370074,185,0
0,1,1,3,2,1,0,0,1,0,0,0,137,18,2,0,0,1,0.08759124087591241,2,2623,5,45,115,2.5555555555555554,2.2380461031290464,287,0
0,2,1,4,0,0,0,0,0,0,0,0,135,16,3,0,0,1,0.1111111111111111,6,4123,36,1331,1011,0.7595792637114951,2.4969296480733534,355,1
0,1,0,4,0,0,0,0,1,0,0,0,93,12,1,0,0,1,0.06451612903225806,13,1206,25,357,343,0.9607843137254902,2.1003705451179076,2076,0
0,1,0,5,1,0,0,1,0,0,0,0,134,16,2,0,0,1,0.06716417910447761,4,2748,10,319,189,0.5924764890282131,1.7242758696016085,2094,0
0,1,1,4,0,0,0,0,0,0,0,0,111,17,0,0,0,1,0.08108108108108109,4,26705,215,2928,4528,1.546448087431694,2.378397900948319,2038,0
0,0,0,2,0,2,0,1,0,0,0,0,94,17,1,1,0,0,0.07446808510638298,2,683,7,323,137,0.4241486068111455,0.6989700043447047,2497,0
0,2,1,6,0,0,0,1,1,0,0,0,139,20,2,0,0,1,0.050359712230215826,17,13233,118,2680,4516,1.6850746268656716,3.2052043639481718,2084,0
0,1,1,1,0,0,0,0,3,0,0,1,111,15,3,0,0,1,0.08108108108108109,2,8857,187,1989,1761,0.8853695324283559,3.372359582524342,1151,0
0,1,1,8,0,1,0,0,1,0,0,0,138,18,3,0,0,1,0.06521739130434782,13,2126,3,109,72,0.6605504587155964,2.1072099696482076,1515,0
0,1,1,2,0,1,0,1,0,0,0,0,117,15,2,0,0,1,0.06837606837606838,4,47968,107,1141,1509,1.322524101665206,3.3285834497142224,2991,0
0,1,0,2,0,0,0,0,1,0,0,1,99,12,2,0,0,1,0.1111111111111111,4,646,4,582,162,0.27835051546391754,2.0293837776856156,1529,0
0,2,1,4,0,0,0,0,0,0,0,0,130,15,0,0,0,1,0.09230769230769231,227,117207,14430,487,907073,1862.5728952772074,1.7242758696016085,2042,1
0,1,1,2,0,0,0,1,0,0,0,0,46,4,1,0,1,1,0.10869565217391304,3,46,0,30,8,0.26666666666666666,-10.0,5,0
0,2,1,4,0,1,0,0,2,0,0,1,125,16,1,1,0,1,0.136,2,205,2,45,98,2.1777777777777776,0.6020599913388197,107,0
0,1,1,5,0,1,0,1,0,0,0,0,105,15,3,1,0,1,0.12380952380952381,3,42688,53,1089,943,0.8659320477502296,4.7760543445169885,1838,0
0,2,1,4,1,0,0,0,0,0,0,1,142,18,2,0,0,1,0.07746478873239436,2,27305,20,114,255,2.236842105263158,3.541704023284301,1760,0
0,1,1,5,0,1,0,2,2,0,0,0,137,23,1,0,0,1,0.058394160583941604,4,1160,4,115,95,0.8260869565217391,2.3404441148403166,1114,0
0,1,1,4,0,0,0,0,1,0,0,0,118,18,2,0,0,1,0.0847457627118644,2,2315,5,55,69,1.2545454545454546,2.8615344108590977,830,0
0,0,0,3,0,0,0,0,1,0,0,0,57,9,2,0,0,1,0.05263157894736842,2,9967,16,128,133,1.0390625,2.6627578316816685,1129,0
0,1,0,3,0,0,0,0,1,0,0,0,87,9,3,0,0,1,0.13793103448275862,2,4123,12,774,558,0.7209302325581395,3.3581252852766674,1301,0
0,0,0,5,0,0,0,2,0,0,0,1,140,24,2,0,0,1,0.02857142857142857,7,24505,167,1462,7432,5.083447332421341,4.266772463513075,1159,0
0,0,0,2,0,0,0,0,0,0,0,0,125,18,4,1,0,1,0.064,2,876,2,215,141,0.6558139534883721,0.4771212547341389,2372,0
0,0,0,7,1,0,0,1,2,0,0,0,134,15,6,0,0,1,0.07462686567164178,3,6435,61,1008,1105,1.0962301587301588,2.354108439147593,2161,0
0,1,0,3,0,0,0,0,2,0,0,0,132,19,2,1,0,1,0.13636363636363635,3,687,2,239,86,0.3598326359832636,1.3222192947359872,30,0
0,1,1,5,0,0,0,0,0,0,0,0,135,19,1,0,0,1,0.044444444444444446,29,69977,38,494,527,1.0668016194331984,4.5868797361574245,2218,0
0,1,0,3,0,0,0,0,1,0,0,0,129,18,3,1,0,1,0.12403100775193798,2,726,2,14,63,4.5,1.3802112417134156,707,0
0,1,1,5,0,0,1,0,0,0,0,0,138,18,5,0,0,1,0.07971014492753623,30,13233,118,2680,4516,1.6850746268656716,3.2052043639481718,2084,0
0,1,1,1,0,0,0,0,0,0,0,0,72,7,5,0,0,1,0.2222222222222222,15,7413,12,837,369,0.44086021505376344,3.573451822035497,129,0
0,1,0,4,0,0,0,1,1,0,0,0,134,17,4,0,0,1,0.05223880597014925,6,4100,26,167,134,0.8023952095808383,2.4345689040343585,2150,0
0,1,1,6,0,0,1,2,3,0,0,0,139,21,3,1,0,1,0.04316546762589928,5,782,18,1084,323,0.29797047970479706,2.450249108319515,2878,0
0,1,0,2,0,0,0,0,0,0,0,0,122,18,3,0,1,1,0.1885245901639344,2,8802,30,851,1260,1.4806110458284372,-10.0,158,0
0,2,1,4,0,0,0,0,0,0,0,0,137,12,6,0,0,1,0.16058394160583941,6,13233,118,2680,4516,1.6850746268656716,3.2052043639481718,2083,0
0,1,1,4,0,1,0,0,0,0,0,0,82,13,1,1,0,1,0.07317073170731707,3,288,0,16,47,2.9375,1.361727836019481,287,0
0,1,1,2,0,0,0,0,1,0,0,0,78,8,4,1,0,1,0.10256410256410256,17,31218,73,2001,1423,0.711144427786107,3.5125509929042242,786,0
0,1,0,3,1,0,0,0,0,0,0,0,91,10,0,0,0,1,0.10989010989010989,2,6050,13,1033,345,0.3339787028073572,3.4405942618398466,1172,0
0,2,1,7,0,0,0,0,2,0,0,1,140,18,4,0,0,1,0.05714285714285714,16,13233,118,2680,4516,1.6850746268656716,3.2052043639481718,2083,0
0,1,1,7,0,0,0,0,2,0,0,0,137,20,4,0,0,1,0.06569343065693431,46,31218,73,2001,1423,0.711144427786107,3.5125509929042242,786,0
0,0,0,3,0,0,0,0,3,1,0,1,124,19,2,0,0,1,0.04032258064516129,6,4482,49,1160,1226,1.056896551724138,2.4828735836088964,2283,0
0,0,0,6,0,0,0,2,2,0,0,0,135,20,3,0,0,1,0.05925925925925926,3,6435,61,1008,1105,1.0962301587301588,2.354108439147593,2161,0
0,0,0,2,0,1,0,0,2,0,0,0,121,19,0,0,0,1,0.049586776859504134,2,636,7,228,408,1.7894736842105263,1.9030899869924864,412,0
0,0,0,9,0,2,0,2,2,0,0,0,138,25,1,1,0,1,0.043478260869565216,2,2522,4,851,461,0.5417156286721504,3.126131407262017,1071,0
0,0,0,3,0,1,0,0,1,0,0,0,130,19,5,0,0,0,0.09230769230769231,4,4060,5,631,349,0.5530903328050714,2.887054378051013,399,0
0,0,0,5,0,1,0,0,2,0,0,0,139,23,2,0,0,0,0.02877697841726619,2,2342,1,549,147,0.2677595628415301,1.3010299956661526,1870,0
0,0,0,1,0,0,2,0,0,0,0,0,58,11,1,0,0,1,0.034482758620689655,5,14144,6,202,185,0.9158415841584159,1.9294189257148038,2031,0
0,0,0,2,0,0,0,0,1,0,0,0,54,9,1,0,0,1,0.037037037037037035,7,43942,45,230,1449,6.3,3.1903316981703194,2091,0
0,0,0,9,0,0,0,2,4,0,0,0,140,25,0,1,0,0,0.08571428571428572,8,27058,179,9972,13902,1.3941034897713598,4.631200171092285,758,0
0,1,0,4,0,1,0,0,0,0,0,0,105,14,0,0,0,1,0.0761904761904762,5,79117,548,157,24848,158.2675159235669,1.4623979979004536,2175,0
0,1,1,4,1,0,0,0,1,0,0,0,140,19,2,0,0,1,0.09285714285714286,27,1238,33,432,455,1.0532407407407407,-10.0,145,1
0,1,1,5,0,0,0,0,1,0,0,0,138,20,1,0,0,1,0.10144927536231885,2,937,3,414,510,1.2318840579710144,2.6201360549738615,763,0
0,0,0,4,0,1,0,1,2,0,0,0,134,21,2,1,0,1,0.05970149253731343,7,5646,39,1705,1539,0.9026392961876832,3.4875625602563924,204,0
0,1,1,6,0,0,0,0,2,0,0,0,139,20,3,1,0,1,0.06474820143884892,94,3922,74,878,4778,5.4419134396355355,3.3161800988934735,2326,0
0,2,1,4,0,0,0,0,0,0,0,0,138,15,4,1,0,1,0.15217391304347827,3,13233,118,2680,4516,1.6850746268656716,3.2052043639481718,2084,0
0,1,0,3,0,0,0,0,0,0,0,0,122,15,3,0,0,1,0.07377049180327869,7,2381,25,348,913,2.6235632183908044,2.669316880566205,2107,0
0,0,0,1,0,1,0,0,0,0,0,0,113,14,3,0,0,1,0.035398230088495575,4,3283,3,48,47,0.9791666666666666,1.47712125472111,1905,0
0,1,1,2,0,0,0,0,0,0,0,1,83,9,4,0,0,1,0.08433734939759036,165,6891,57,38,2618,68.89473684210526,0.30102999568569594,2145,0
0,2,1,2,0,0,0,0,1,0,0,1,105,11,1,0,0,1,0.06666666666666667,10,4154,827,14321,52935,3.6963200893792334,1.4623979979004536,2057,0
0,0,0,2,0,0,2,2,1,0,0,0,101,17,2,0,0,1,0.04950495049504951,25,209335,1144,10306,133206,12.92509217931302,3.6301226428593223,2170,0
0,1,0,1,0,0,0,0,0,0,0,0,80,12,3,0,0,1,0.05,154,15701,104,5246,6172,1.1765154403354936,2.800029359244203,2766,0
0,2,1,5,0,0,1,0,0,0,0,1,133,18,1,1,0,1,0.16541353383458646,4,5240,192,8497,32134,3.781805343062257,3.2880255353883854,531,0
0,1,1,4,0,0,0,0,0,0,0,0,139,16,3,1,1,1,0.08633093525179857,4,511,4,293,171,0.5836177474402731,0.9030899869973723,149,0
0,1,1,5,0,0,0,1,2,0,0,0,137,21,3,1,1,1,0.0948905109489051,4,2247,10,350,318,0.9085714285714286,2.2671717284032487,1755,0
0,1,1,4,1,0,0,0,2,0,1,0,137,20,2,0,1,1,0.08029197080291971,2,3849,2212,2050,47396,23.12,1.000000000004343,1644,1
0,0,0,8,1,0,0,0,0,1,0,0,115,20,1,0,0,0,0.008695652173913044,3,433,5,81,67,0.8271604938271605,1.7708520116428803,1822,0
0,1,1,1,2,0,0,1,1,0,0,0,136,16,2,0,1,1,0.1323529411764706,23,34,0,31,4,0.12903225806451613,0.6989700043447047,405,0
0,0,0,2,0,1,0,0,2,0,0,0,122,19,2,0,0,0,0.040983606557377046,2,2419,6,287,273,0.9512195121951219,2.0000000000004343,1376,0
0,1,0,3,0,0,0,0,1,0,0,0,62,8,2,0,0,1,0.08064516129032258,2,3039,60,505,1429,2.8297029702970296,1.204119982658639,1186,0
1,0,0,1,0,0,0,0,3,0,0,0,115,22,1,0,0,0,0.017391304347826087,2,24321,82,16873,16738,0.9919990517394655,4.0719924071241795,602,0
0,0,0,2,0,0,0,1,2,0,0,0,129,20,4,0,0,1,0.031007751937984496,2,202,1,111,51,0.4594594594594595,2.1643528557847347,95,0
0,1,1,1,0,0,0,0,0,0,0,0,71,7,5,0,0,1,0.11267605633802817,4,7413,12,837,369,0.44086021505376344,3.573451822035497,129,0
0,0,0,6,0,0,0,0,3,0,0,0,139,21,4,0,0,1,0.050359712230215826,3,4395,18,426,300,0.704225352112676,2.4955443375465873,2156,0
0,0,0,4,1,0,0,1,2,0,0,0,132,17,1,0,0,1,0.03787878787878788,2,6065,53,803,1370,1.706102117061021,2.866877814337558,2222,0
0,2,1,6,1,0,0,0,1,0,0,0,141,13,2,0,0,1,0.09219858156028368,11,29237,1440,627,27878,44.462519936204146,2.089905111439751,2116,1
0,0,0,4,0,0,0,2,1,0,1,0,137,23,0,0,0,1,0.0364963503649635,14,18102,95,337,4937,14.649851632047477,3.8862086241675033,2747,0
0,0,0,3,0,1,0,1,0,0,0,0,82,10,4,0,1,0,0.10975609756097561,2,18470,16,678,506,0.7463126843657817,4.317624643080061,1183,0
0,1,1,1,0,0,0,0,0,0,0,0,65,7,3,0,0,1,0.3230769230769231,2,31218,73,2001,1423,0.711144427786107,3.5125509929042242,785,0
0,0,0,4,0,1,0,0,6,0,0,0,132,22,3,1,0,1,0.045454545454545456,3,30803,141,1141,4868,4.266432953549518,4.721200361392051,1541,0
0,1,1,7,0,1,0,0,1,1,0,0,127,19,1,0,0,1,0.031496062992125984,6,207,56,133,3791,28.50375939849624,3.032215703298022,11,0
0,1,0,3,0,0,0,0,0,0,0,0,139,22,2,0,1,1,0.09352517985611511,8,9468,335,785,5165,6.579617834394904,2.491361693834413,1856,0
0,1,1,2,0,0,0,0,1,0,0,1,100,12,3,0,0,1,0.11,2,52,2,82,40,0.4878048780487805,1.4471580313437702,469,0
0,0,0,4,0,1,0,0,3,0,0,2,140,22,0,0,0,1,0.05,2,32557,163,592,3518,5.9425675675675675,3.7985815947285544,1358,0
0,2,1,3,0,0,0,1,0,0,0,0,127,11,5,0,1,1,0.10236220472440945,2,3746,21,632,856,1.3544303797468353,3.1911714557285866,348,0
0,1,1,3,0,1,0,0,3,0,0,0,140,19,0,1,0,1,0.05714285714285714,7,6849,20,1558,715,0.45892169448010267,3.0993352776859924,1333,0
0,1,1,1,0,0,0,0,0,0,0,1,130,17,4,0,0,1,0.06153846153846154,41,17322,58,140,2688,19.2,2.771587480881329,308,0
0,1,0,1,0,0,0,0,1,0,0,0,135,16,2,0,0,1,0.07407407407407407,2,1018,168,2345,5486,2.339445628997868,1.361727836019481,1442,0
0,2,1,8,0,0,0,2,1,0,0,0,142,17,0,0,1,1,0.1267605633802817,8,198917,1157,186,33539,180.31720430107526,3.410777233377227,2303,0
0,1,1,2,0,2,0,0,0,0,0,0,74,8,2,0,0,1,0.08108108108108109,9,14144,6,202,185,0.9158415841584159,1.9294189257148038,2031,0
0,0,0,5,0,0,0,4,5,0,0,0,122,23,0,0,0,1,0.03278688524590164,2,168666,141,2665,4510,1.6923076923076923,4.087568476161787,2249,0
0,1,1,3,0,1,0,0,1,0,0,0,127,17,2,0,0,1,0.09448818897637795,53,3613,1,280,284,1.0142857142857142,3.215901813204058,814,0
0,1,1,3,0,0,0,1,1,0,0,0,57,6,2,0,1,1,0.12280701754385964,12,19169,18,698,207,0.29656160458452724,3.133858125203367,1999,0
0,0,0,3,0,0,0,0,0,0,0,0,140,21,2,0,0,1,0.05714285714285714,11,600,15,415,353,0.8506024096385543,2.64542226934919,1444,0
0,0,0,0,0,0,0,0,1,0,0,1,56,10,2,1,0,1,0.05357142857142857,2,531,3,135,70,0.5185185185185185,0.30102999568569594,1459,0
0,1,1,6,0,0,0,0,2,0,0,0,116,13,1,0,1,1,0.05172413793103448,10,49674,52,2881,2615,0.9076709475876432,4.537567257152676,960,0
0,1,0,3,0,0,0,0,1,0,0,0,82,11,0,1,0,1,0.12195121951219512,4,19948,1789,612,17558,28.68954248366013,3.520352504083331,2875,0
0,1,0,2,0,0,0,0,0,0,0,0,86,14,0,0,0,1,0.09302325581395349,2,4527,105,1154,3741,3.2417677642980935,1.6532125137763087,1688,0
0,2,1,4,0,0,0,1,1,0,0,0,122,13,2,0,0,1,0.1557377049180328,4,1558,12,1404,912,0.6495726495726496,0.9542425094441503,1315,0
0,0,0,1,0,1,0,0,1,0,0,0,67,12,1,1,0,0,0.05970149253731343,2,4712,10,435,274,0.6298850574712643,3.464787519645952,525,0
0,0,0,1,0,0,1,0,0,0,0,0,75,10,3,0,1,0,0.10666666666666667,2,295,5,472,73,0.15466101694915255,1.041392685162173,1487,0
0,0,0,4,2,1,1,0,0,0,0,0,84,12,2,1,0,0,0.16666666666666666,2,507,30,62,949,15.306451612903226,0.4771212547341389,658,0
0,1,1,7,0,0,0,1,0,0,0,0,127,19,2,0,0,1,0.07086614173228346,235,6891,57,38,2618,68.89473684210526,0.30102999568569594,2144,0
0,1,1,1,0,0,0,0,0,0,0,0,70,7,1,0,1,1,0.12857142857142856,3,40774,26,1028,1108,1.0778210116731517,4.1491266997426175,936,0
0,0,0,3,0,0,0,0,0,0,0,1,107,17,2,0,0,1,0.028037383177570093,26,5082,684,531,28338,53.367231638418076,3.7090154169721257,2222,0
0,0,0,1,1,0,0,0,2,0,0,1,143,23,1,0,0,1,0.08391608391608392,14,84580,1054,1112,21124,18.996402877697843,4.642137934655782,972,0
0,1,1,3,0,1,0,1,3,0,0,0,116,15,2,0,0,1,0.08620689655172414,25,45537,171,697,3206,4.599713055954089,4.104077206155114,374,0
0,1,0,7,0,0,0,1,2,0,0,0,128,21,2,0,0,1,0.0546875,26,447,1,251,181,0.7211155378486056,1.2304489213808285,1886,0
0,2,1,3,0,0,0,0,0,0,0,0,138,15,4,0,0,1,0.15217391304347827,32,13233,118,2680,4516,1.6850746268656716,3.2052043639481718,2083,0
0,0,0,2,0,0,0,0,0,0,0,0,64,10,1,0,0,0,0.046875,3,574,4,276,86,0.3115942028985507,2.0211892990703517,2029,0
0,1,1,3,0,0,0,0,0,0,0,0,53,6,1,0,0,1,0.05660377358490566,3,69977,38,494,527,1.0668016194331984,4.5868797361574245,2218,0
0,0,0,3,0,0,0,1,1,0,0,0,103,16,0,0,0,1,0.019417475728155338,7,8878,146,878,3244,3.694760820045558,3.7075701760979447,2149,0
0,1,0,2,0,0,0,0,0,0,0,0,93,10,3,0,0,1,0.06451612903225806,2,194988,208,6287,7542,1.1996182599013838,4.674208750169552,1573,0
